-- MySQL dump 10.13  Distrib 8.0.42, for Linux (x86_64)
--
-- Host: localhost    Database: srpskatenisliga
-- ------------------------------------------------------
-- Server version	8.0.42-0ubuntu0.22.04.1

/*!40101 SET @OLD_CHARACTER_SET_CLIENT=@@CHARACTER_SET_CLIENT */;
/*!40101 SET @OLD_CHARACTER_SET_RESULTS=@@CHARACTER_SET_RESULTS */;
/*!40101 SET @OLD_COLLATION_CONNECTION=@@COLLATION_CONNECTION */;
/*!50503 SET NAMES utf8mb4 */;
/*!40103 SET @OLD_TIME_ZONE=@@TIME_ZONE */;
/*!40103 SET TIME_ZONE='+00:00' */;
/*!40014 SET @OLD_UNIQUE_CHECKS=@@UNIQUE_CHECKS, UNIQUE_CHECKS=0 */;
/*!40014 SET @OLD_FOREIGN_KEY_CHECKS=@@FOREIGN_KEY_CHECKS, FOREIGN_KEY_CHECKS=0 */;
/*!40101 SET @OLD_SQL_MODE=@@SQL_MODE, SQL_MODE='NO_AUTO_VALUE_ON_ZERO' */;
/*!40111 SET @OLD_SQL_NOTES=@@SQL_NOTES, SQL_NOTES=0 */;

--
-- Table structure for table `cache`
--

DROP TABLE IF EXISTS `cache`;
/*!40101 SET @saved_cs_client     = @@character_set_client */;
/*!50503 SET character_set_client = utf8mb4 */;
CREATE TABLE `cache` (
  `key` varchar(255) COLLATE utf8mb4_unicode_ci NOT NULL,
  `value` mediumtext COLLATE utf8mb4_unicode_ci NOT NULL,
  `expiration` int NOT NULL,
  PRIMARY KEY (`key`)
) ENGINE=InnoDB DEFAULT CHARSET=utf8mb4 COLLATE=utf8mb4_unicode_ci;
/*!40101 SET character_set_client = @saved_cs_client */;

--
-- Dumping data for table `cache`
--

LOCK TABLES `cache` WRITE;
/*!40000 ALTER TABLE `cache` DISABLE KEYS */;
/*!40000 ALTER TABLE `cache` ENABLE KEYS */;
UNLOCK TABLES;

--
-- Table structure for table `cache_locks`
--

DROP TABLE IF EXISTS `cache_locks`;
/*!40101 SET @saved_cs_client     = @@character_set_client */;
/*!50503 SET character_set_client = utf8mb4 */;
CREATE TABLE `cache_locks` (
  `key` varchar(255) COLLATE utf8mb4_unicode_ci NOT NULL,
  `owner` varchar(255) COLLATE utf8mb4_unicode_ci NOT NULL,
  `expiration` int NOT NULL,
  PRIMARY KEY (`key`)
) ENGINE=InnoDB DEFAULT CHARSET=utf8mb4 COLLATE=utf8mb4_unicode_ci;
/*!40101 SET character_set_client = @saved_cs_client */;

--
-- Dumping data for table `cache_locks`
--

LOCK TABLES `cache_locks` WRITE;
/*!40000 ALTER TABLE `cache_locks` DISABLE KEYS */;
/*!40000 ALTER TABLE `cache_locks` ENABLE KEYS */;
UNLOCK TABLES;

--
-- Table structure for table `courts`
--

DROP TABLE IF EXISTS `courts`;
/*!40101 SET @saved_cs_client     = @@character_set_client */;
/*!50503 SET character_set_client = utf8mb4 */;
CREATE TABLE `courts` (
  `id` bigint unsigned NOT NULL AUTO_INCREMENT,
  `name` varchar(255) COLLATE utf8mb4_unicode_ci NOT NULL,
  `link` varchar(255) COLLATE utf8mb4_unicode_ci NOT NULL,
  `created_at` timestamp NULL DEFAULT NULL,
  `updated_at` timestamp NULL DEFAULT NULL,
  PRIMARY KEY (`id`)
) ENGINE=InnoDB AUTO_INCREMENT=36 DEFAULT CHARSET=utf8mb4 COLLATE=utf8mb4_unicode_ci;
/*!40101 SET character_set_client = @saved_cs_client */;

--
-- Dumping data for table `courts`
--

LOCK TABLES `courts` WRITE;
/*!40000 ALTER TABLE `courts` DISABLE KEYS */;
INSERT INTO `courts` VALUES (1,'','','2025-05-31 17:02:56','2025-05-31 17:02:56'),(2,'Beogradski Teniski Klub','https://www.beogradskiteniskiklub.com/','2025-05-31 17:02:56','2025-05-31 17:02:56'),(3,'SC Karović','https://www.instagram.com/sckarovic/','2025-05-31 17:02:56','2025-05-31 17:02:56'),(4,'Racket Country Club','https://racketcountryclub.com/','2025-05-31 17:02:56','2025-05-31 17:02:56'),(5,'Premium','https://premiumtennis.net/','2025-05-31 17:02:56','2025-05-31 17:02:56'),(7,'Topaco','https://tktopaco.com/','2025-05-31 17:02:56','2025-05-31 17:02:56'),(11,'Baseline','https://baselinetns.com/','2025-05-31 17:02:56','2025-05-31 17:02:56'),(12,'Padel Centar Košutnjak','https://padelcentar.rs/','2025-05-31 17:02:56','2025-05-31 17:02:56'),(13,'Lucky club','https://www.google.com/maps/place/44%C2%B044\'53.0%22N+20%C2%B029\'16.8%22E/@44.748063,20.487995,17z/data=!3m1!4b1!4m4!3m3!8m2!3d44.748063!4d20.487995?entry=ttu&g_ep=EgoyMDI1MDYwNC4wIKXMDSoASAFQAw%3D%3D','2025-05-31 17:02:56','2025-06-10 06:33:37'),(14,'Green Bay','https://greenbay.rs/','2025-05-31 17:02:56','2025-05-31 17:02:56'),(15,'Veterinarski park','https://maps.app.goo.gl/WzxHg2nHLL8JcxuNA','2025-05-31 17:02:56','2025-05-31 17:02:56'),(16,'Tennis Palladio 98','https://tennispalladio98.it/','2025-05-31 17:02:56','2025-05-31 17:02:56'),(17,'La Pineta Verona','https://www.tennispadelpineta.it/','2025-05-31 17:02:56','2025-05-31 17:02:56'),(18,'Salonica Tennis Club','https://www.salonicatennis.gr/','2025-05-31 17:02:56','2025-05-31 17:02:56'),(19,'DIF','https://maps.app.goo.gl/wpngkn8PWGqJfwmV9','2025-05-31 17:02:56','2025-05-31 17:02:56'),(20,'Čonkić Tennis Academy','https://conkicacademy.com/','2025-05-31 17:02:56','2025-05-31 17:02:56'),(21,'Stanovo Kragujevac','','2025-05-31 17:02:56','2025-05-31 17:02:56'),(22,'Reket','https://www.reketklub.rs/','2025-06-01 16:38:45','2025-06-10 06:36:14'),(23,'Topličanin','https://maps.app.goo.gl/9xNufGoaona6tD7F7','2025-06-03 15:50:25','2025-06-03 16:00:50'),(24,'Green set','https://www.tkgreenset.rs/','2025-06-05 15:20:33','2025-06-10 06:31:42'),(25,'Rado Kragujevac','https://www.google.com/maps/place/Teniski+klub+Rado/@44.0278323,20.8916054,17z/data=!3m1!4b1!4m6!3m5!1s0x4757214de09efeaf:0x393e8fe482b540a4!8m2!3d44.0278323!4d20.8916054!16s%2Fg%2F11c0pzpd00?entry=ttu&g_ep=EgoyMDI1MDYwNC4wIKXMDSoASAFQAw%3D%3D','2025-06-05 19:00:16','2025-06-10 06:35:18'),(26,'Setnet','https://setnetacademy.com/','2025-06-07 09:13:56','2025-06-07 09:23:45'),(28,'Banjica','https://www.google.com/maps/place/Teniski+klub+Banjica/data=!4m2!3m1!1s0x0:0x41e03907bd493a58?sa=X&ved=1t:2428&ictx=111','2025-06-09 07:20:16','2025-06-10 06:41:18'),(29,'Galeb 1898','https://www.google.com/maps/place/Kej+2.+oktobra+1,+Zrenjanin/@45.3790808,20.3861069,17.25z/data=!4m6!3m5!1s0x475adb6a0cbee5bd:0x66ee4e695c9590bc!8m2!3d45.3790856!4d20.3882721!16s%2Fg%2F11ghndnl5g?entry=ttu&g_ep=EgoyMDI1MDYwNC4wIKXMDSoASAFQAw%3D%3D','2025-06-09 11:24:21','2025-06-10 06:45:18'),(30,'SOL 022','https://www.instagram.com/teniskiklub_sol022_sid/?hl=en','2025-06-09 11:30:55','2025-06-10 06:46:39'),(31,'Vojvodina','https://tkvojvodina.com/','2025-06-09 11:31:18','2025-06-10 06:49:03'),(32,'Stari Grad','https://www.tkstarigrad.rs/#/','2025-06-09 11:35:45','2025-06-10 06:48:01'),(33,'Pop Court','https://www.popcourt.rs/','2025-06-09 11:36:10','2025-06-10 06:48:24'),(34,'Privilege','https://www.privilege.rs/','2025-06-12 05:19:23','2025-06-13 16:17:52'),(35,'Winner','','2025-06-13 09:47:06','2025-06-13 09:47:06');
/*!40000 ALTER TABLE `courts` ENABLE KEYS */;
UNLOCK TABLES;

--
-- Table structure for table `failed_jobs`
--

DROP TABLE IF EXISTS `failed_jobs`;
/*!40101 SET @saved_cs_client     = @@character_set_client */;
/*!50503 SET character_set_client = utf8mb4 */;
CREATE TABLE `failed_jobs` (
  `id` bigint unsigned NOT NULL AUTO_INCREMENT,
  `uuid` varchar(255) COLLATE utf8mb4_unicode_ci NOT NULL,
  `connection` text COLLATE utf8mb4_unicode_ci NOT NULL,
  `queue` text COLLATE utf8mb4_unicode_ci NOT NULL,
  `payload` longtext COLLATE utf8mb4_unicode_ci NOT NULL,
  `exception` longtext COLLATE utf8mb4_unicode_ci NOT NULL,
  `failed_at` timestamp NOT NULL DEFAULT CURRENT_TIMESTAMP,
  PRIMARY KEY (`id`),
  UNIQUE KEY `failed_jobs_uuid_unique` (`uuid`)
) ENGINE=InnoDB DEFAULT CHARSET=utf8mb4 COLLATE=utf8mb4_unicode_ci;
/*!40101 SET character_set_client = @saved_cs_client */;

--
-- Dumping data for table `failed_jobs`
--

LOCK TABLES `failed_jobs` WRITE;
/*!40000 ALTER TABLE `failed_jobs` DISABLE KEYS */;
/*!40000 ALTER TABLE `failed_jobs` ENABLE KEYS */;
UNLOCK TABLES;

--
-- Table structure for table `job_batches`
--

DROP TABLE IF EXISTS `job_batches`;
/*!40101 SET @saved_cs_client     = @@character_set_client */;
/*!50503 SET character_set_client = utf8mb4 */;
CREATE TABLE `job_batches` (
  `id` varchar(255) COLLATE utf8mb4_unicode_ci NOT NULL,
  `name` varchar(255) COLLATE utf8mb4_unicode_ci NOT NULL,
  `total_jobs` int NOT NULL,
  `pending_jobs` int NOT NULL,
  `failed_jobs` int NOT NULL,
  `failed_job_ids` longtext COLLATE utf8mb4_unicode_ci NOT NULL,
  `options` mediumtext COLLATE utf8mb4_unicode_ci,
  `cancelled_at` int DEFAULT NULL,
  `created_at` int NOT NULL,
  `finished_at` int DEFAULT NULL,
  PRIMARY KEY (`id`)
) ENGINE=InnoDB DEFAULT CHARSET=utf8mb4 COLLATE=utf8mb4_unicode_ci;
/*!40101 SET character_set_client = @saved_cs_client */;

--
-- Dumping data for table `job_batches`
--

LOCK TABLES `job_batches` WRITE;
/*!40000 ALTER TABLE `job_batches` DISABLE KEYS */;
/*!40000 ALTER TABLE `job_batches` ENABLE KEYS */;
UNLOCK TABLES;

--
-- Table structure for table `jobs`
--

DROP TABLE IF EXISTS `jobs`;
/*!40101 SET @saved_cs_client     = @@character_set_client */;
/*!50503 SET character_set_client = utf8mb4 */;
CREATE TABLE `jobs` (
  `id` bigint unsigned NOT NULL AUTO_INCREMENT,
  `queue` varchar(255) COLLATE utf8mb4_unicode_ci NOT NULL,
  `payload` longtext COLLATE utf8mb4_unicode_ci NOT NULL,
  `attempts` tinyint unsigned NOT NULL,
  `reserved_at` int unsigned DEFAULT NULL,
  `available_at` int unsigned NOT NULL,
  `created_at` int unsigned NOT NULL,
  PRIMARY KEY (`id`),
  KEY `jobs_queue_index` (`queue`)
) ENGINE=InnoDB DEFAULT CHARSET=utf8mb4 COLLATE=utf8mb4_unicode_ci;
/*!40101 SET character_set_client = @saved_cs_client */;

--
-- Dumping data for table `jobs`
--

LOCK TABLES `jobs` WRITE;
/*!40000 ALTER TABLE `jobs` DISABLE KEYS */;
/*!40000 ALTER TABLE `jobs` ENABLE KEYS */;
UNLOCK TABLES;

--
-- Table structure for table `leagues`
--

DROP TABLE IF EXISTS `leagues`;
/*!40101 SET @saved_cs_client     = @@character_set_client */;
/*!50503 SET character_set_client = utf8mb4 */;
CREATE TABLE `leagues` (
  `id` bigint unsigned NOT NULL AUTO_INCREMENT,
  `created_at` timestamp NULL DEFAULT NULL,
  `updated_at` timestamp NULL DEFAULT NULL,
  `name` varchar(255) COLLATE utf8mb4_unicode_ci NOT NULL,
  `uri` varchar(255) COLLATE utf8mb4_unicode_ci NOT NULL DEFAULT '',
  `county` varchar(255) COLLATE utf8mb4_unicode_ci NOT NULL DEFAULT '?',
  `date_begin` date NOT NULL DEFAULT '2025-05-30',
  `date_end` date NOT NULL DEFAULT '2025-05-31',
  `link` varchar(255) COLLATE utf8mb4_unicode_ci NOT NULL,
  `court_id` bigint unsigned NOT NULL DEFAULT '1',
  PRIMARY KEY (`id`),
  KEY `leagues_court_id_foreign` (`court_id`),
  CONSTRAINT `leagues_court_id_foreign` FOREIGN KEY (`court_id`) REFERENCES `courts` (`id`) ON DELETE CASCADE
) ENGINE=InnoDB AUTO_INCREMENT=20 DEFAULT CHARSET=utf8mb4 COLLATE=utf8mb4_unicode_ci;
/*!40101 SET character_set_client = @saved_cs_client */;

--
-- Dumping data for table `leagues`
--

LOCK TABLES `leagues` WRITE;
/*!40000 ALTER TABLE `leagues` DISABLE KEYS */;
INSERT INTO `leagues` VALUES (1,'2025-05-31 17:03:05','2025-05-31 17:03:05','sparing','','?','2025-05-30','2025-05-31','',1),(2,'2025-05-31 17:03:05','2025-06-10 06:57:56','Topaco Letnja Liga 2025','topaco-letnja-liga-2025','Beograd','2025-04-14','2025-10-14','https://tktopaco.com/',7),(9,'2025-05-31 17:03:05','2025-06-01 13:22:27','Baseline Letnja Liga 2025','baseline-letnja-liga-2025','Beograd','2025-04-14','2025-10-14','',1),(10,'2025-05-31 17:03:05','2025-06-10 06:54:22','Baseline Beograd Open Turnir 2025','baseline-beograd-open-turnir-2025','Beograd','2025-05-16','2025-05-18','https://baselinetns.com/',11),(11,'2025-05-31 17:03:05','2025-06-01 13:22:27','Prvenstvo Veterana Doboj Turnir 2025','prvenstvo-veterana-doboj-turnir-2025','Republika Srpska','2025-06-13','2025-06-15','',1),(12,'2025-05-31 17:03:05','2025-06-10 06:57:07','Vojvodina Open Turnir 2025','vojvodina-open-turnir-2025','Novi Sad','2025-05-30','2025-05-31','https://tkvojvodina.com/',31),(13,'2025-05-31 17:03:05','2025-05-31 17:03:05','Stanovo Open Turnir 2025','stanovo-open-turnir-2025','Kragujevac','2025-05-30','2025-05-31','',1),(14,'2025-06-09 11:24:21','2025-06-10 06:55:48','Diksi Open','diksi-open','Zrenjanin','2025-05-30','2025-05-31','https://www.google.com/maps/dir/?api=1&destination=45.37903%2C20.38818&fbclid=IwY2xjawK00dpleHRuA2FlbQIxMAABHkFScek0GDwRblD8k1HA98bb1QMnWTaWH7qJ6JSt6Kxn-I-IVsgxDs8azWkg_aem_1_tvh_AtqvE6L6wArIR8Dw',29),(15,'2025-06-09 11:30:55','2025-06-10 06:55:34','Otvoreno Prvenstvo','otvoreno-prvenstvo','Šid','2025-05-30','2025-05-31','https://www.google.com/maps/place/Teniski+Club+SOLL+022/@45.1265791,19.2275528,17z/data=!3m1!4b1!4m6!3m5!1s0x475b83c36b38bce3:0x6865daec381a31e5!8m2!3d45.1265792!4d19.2324237!16s%2Fg%2F11c5438898?entry=ttu&g_ep=EgoyMDI1MDYwNC4wIKXMDSoASAFQAw%3D%3D',30),(16,'2025-06-09 11:31:18','2025-06-10 06:55:21','Memorijal','memorijal','Novi Sad','2025-05-30','2025-05-31','https://www.memorijalpetramisica.com/',31),(17,'2025-06-09 11:35:45','2025-06-10 06:54:50','Kikin Memorijal','kikin-memorijal','Šabac','2025-05-30','2025-05-31','https://www.tkstarigrad.rs/#/',32),(18,'2025-06-09 11:36:10','2025-06-10 06:54:35','MT 200 Pančevo','mt-200-pancevo','Pančevo','2025-05-30','2025-05-31','https://www.popcourt.rs/',33),(19,'2025-06-13 09:47:06','2025-06-13 09:47:06','Dani Lavande','dani-lavande','?','2025-05-30','2025-05-31','',1);
/*!40000 ALTER TABLE `leagues` ENABLE KEYS */;
UNLOCK TABLES;

--
-- Table structure for table `match_players`
--

DROP TABLE IF EXISTS `match_players`;
/*!40101 SET @saved_cs_client     = @@character_set_client */;
/*!50503 SET character_set_client = utf8mb4 */;
CREATE TABLE `match_players` (
  `id` bigint unsigned NOT NULL AUTO_INCREMENT,
  `tennis_match_id` bigint unsigned NOT NULL,
  `player_id` bigint unsigned NOT NULL,
  `team` enum('winner','loser') COLLATE utf8mb4_unicode_ci NOT NULL,
  `created_at` timestamp NULL DEFAULT NULL,
  `updated_at` timestamp NULL DEFAULT NULL,
  PRIMARY KEY (`id`),
  KEY `match_players_tennis_match_id_foreign` (`tennis_match_id`),
  KEY `match_players_player_id_foreign` (`player_id`),
  CONSTRAINT `match_players_player_id_foreign` FOREIGN KEY (`player_id`) REFERENCES `players` (`id`) ON DELETE CASCADE,
  CONSTRAINT `match_players_tennis_match_id_foreign` FOREIGN KEY (`tennis_match_id`) REFERENCES `tennis_matches` (`id`) ON DELETE CASCADE
) ENGINE=InnoDB AUTO_INCREMENT=715 DEFAULT CHARSET=utf8mb4 COLLATE=utf8mb4_unicode_ci;
/*!40101 SET character_set_client = @saved_cs_client */;

--
-- Dumping data for table `match_players`
--

LOCK TABLES `match_players` WRITE;
/*!40000 ALTER TABLE `match_players` DISABLE KEYS */;
INSERT INTO `match_players` VALUES (1,1,12,'winner','2025-05-31 17:03:15','2025-05-31 17:03:15'),(2,1,13,'loser','2025-05-31 17:03:15','2025-05-31 17:03:15'),(3,2,4,'winner','2025-05-31 17:03:15','2025-05-31 17:03:15'),(4,2,13,'loser','2025-05-31 17:03:15','2025-05-31 17:03:15'),(5,3,2,'winner','2025-05-31 17:03:15','2025-05-31 17:03:15'),(6,3,13,'loser','2025-05-31 17:03:15','2025-05-31 17:03:15'),(7,4,11,'winner','2025-05-31 17:03:15','2025-05-31 17:03:15'),(8,4,12,'loser','2025-05-31 17:03:15','2025-05-31 17:03:15'),(9,5,2,'winner','2025-05-31 17:03:15','2025-05-31 17:03:15'),(10,5,11,'loser','2025-05-31 17:03:15','2025-05-31 17:03:15'),(11,6,11,'winner','2025-05-31 17:03:15','2025-05-31 17:03:15'),(12,6,13,'loser','2025-05-31 17:03:15','2025-05-31 17:03:15'),(13,7,2,'winner','2025-05-31 17:03:15','2025-05-31 17:03:15'),(14,7,11,'loser','2025-05-31 17:03:15','2025-05-31 17:03:15'),(15,8,3,'winner','2025-05-31 17:03:15','2025-05-31 17:03:15'),(16,8,13,'loser','2025-05-31 17:03:15','2025-05-31 17:03:15'),(17,9,4,'winner','2025-05-31 17:03:15','2025-05-31 17:03:15'),(18,9,13,'loser','2025-05-31 17:03:15','2025-05-31 17:03:15'),(19,10,7,'winner','2025-05-31 17:03:15','2025-05-31 17:03:15'),(20,10,13,'loser','2025-05-31 17:03:15','2025-05-31 17:03:15'),(21,11,2,'winner','2025-05-31 17:03:15','2025-05-31 17:03:15'),(22,11,8,'loser','2025-05-31 17:03:15','2025-05-31 17:03:15'),(23,12,11,'winner','2025-05-31 17:03:15','2025-05-31 17:03:15'),(24,12,13,'loser','2025-05-31 17:03:15','2025-05-31 17:03:15'),(25,13,2,'winner','2025-05-31 17:03:15','2025-05-31 17:03:15'),(26,13,12,'loser','2025-05-31 17:03:15','2025-05-31 17:03:15'),(27,14,4,'winner','2025-05-31 17:03:15','2025-05-31 17:03:15'),(28,14,13,'loser','2025-05-31 17:03:15','2025-05-31 17:03:15'),(29,15,11,'winner','2025-05-31 17:03:15','2025-05-31 17:03:15'),(30,15,12,'loser','2025-05-31 17:03:15','2025-05-31 17:03:15'),(31,16,3,'winner','2025-05-31 17:03:15','2025-05-31 17:03:15'),(32,16,11,'loser','2025-05-31 17:03:15','2025-05-31 17:03:15'),(33,17,1,'winner','2025-05-31 17:03:15','2025-05-31 17:03:15'),(34,17,2,'loser','2025-05-31 17:03:15','2025-05-31 17:03:15'),(35,18,13,'winner','2025-05-31 17:03:15','2025-05-31 17:03:15'),(36,18,10,'loser','2025-05-31 17:03:15','2025-05-31 17:03:15'),(37,19,6,'winner','2025-05-31 17:03:15','2025-05-31 17:03:15'),(38,19,9,'loser','2025-05-31 17:03:15','2025-05-31 17:03:15'),(39,20,2,'winner','2025-05-31 17:03:15','2025-05-31 17:03:15'),(40,20,11,'loser','2025-05-31 17:03:15','2025-05-31 17:03:15'),(41,21,1,'winner','2025-05-31 17:03:15','2025-05-31 17:03:15'),(42,21,12,'loser','2025-05-31 17:03:15','2025-05-31 17:03:15'),(43,22,1,'winner','2025-05-31 17:03:15','2025-05-31 17:03:15'),(44,22,11,'loser','2025-05-31 17:03:15','2025-05-31 17:03:15'),(45,23,1,'winner','2025-05-31 17:03:15','2025-05-31 17:03:15'),(46,23,11,'loser','2025-05-31 17:03:15','2025-05-31 17:03:15'),(47,24,4,'winner','2025-05-31 17:03:15','2025-05-31 17:03:15'),(48,24,13,'loser','2025-05-31 17:03:15','2025-05-31 17:03:15'),(49,25,2,'winner','2025-05-31 17:03:15','2025-05-31 17:03:15'),(50,25,11,'loser','2025-05-31 17:03:15','2025-05-31 17:03:15'),(51,26,3,'winner','2025-05-31 17:03:15','2025-05-31 17:03:15'),(52,26,1,'loser','2025-05-31 17:03:15','2025-05-31 17:03:15'),(53,27,1,'winner','2025-05-31 17:03:15','2025-05-31 17:03:15'),(54,27,13,'loser','2025-05-31 17:03:15','2025-05-31 17:03:15'),(55,28,1,'winner','2025-05-31 17:03:15','2025-05-31 17:03:15'),(56,28,2,'loser','2025-05-31 17:03:15','2025-05-31 17:03:15'),(57,29,5,'winner','2025-05-31 17:03:15','2025-05-31 17:03:15'),(58,29,13,'loser','2025-05-31 17:03:15','2025-05-31 17:03:15'),(59,30,3,'winner','2025-05-31 17:03:15','2025-05-31 17:03:15'),(60,30,1,'loser','2025-05-31 17:03:15','2025-05-31 17:03:15'),(61,31,13,'winner','2025-05-31 17:03:15','2025-05-31 17:03:15'),(62,31,14,'loser','2025-05-31 17:03:15','2025-05-31 17:03:15'),(63,32,15,'winner','2025-05-31 17:03:15','2025-05-31 17:03:15'),(64,32,14,'loser','2025-05-31 17:03:15','2025-05-31 17:03:15'),(65,33,1,'winner','2025-05-31 17:03:15','2025-05-31 17:03:15'),(66,33,13,'loser','2025-05-31 17:03:15','2025-05-31 17:03:15'),(67,34,16,'winner','2025-05-31 17:03:15','2025-05-31 17:03:15'),(68,34,17,'loser','2025-05-31 17:03:15','2025-05-31 17:03:15'),(69,35,2,'winner','2025-05-31 17:03:15','2025-05-31 17:03:15'),(70,35,13,'loser','2025-05-31 17:03:15','2025-05-31 17:03:15'),(71,36,5,'winner','2025-05-31 17:03:15','2025-05-31 17:03:15'),(72,36,13,'loser','2025-05-31 17:03:15','2025-05-31 17:03:15'),(73,37,18,'winner','2025-05-31 17:03:15','2025-05-31 17:03:15'),(74,37,13,'loser','2025-05-31 17:03:15','2025-05-31 17:03:15'),(75,38,17,'winner','2025-05-31 17:03:15','2025-05-31 17:03:15'),(76,38,16,'loser','2025-05-31 17:03:15','2025-05-31 17:03:15'),(77,39,14,'winner','2025-05-31 17:03:15','2025-05-31 17:03:15'),(78,39,15,'loser','2025-05-31 17:03:15','2025-05-31 17:03:15'),(79,40,4,'winner','2025-05-31 17:03:15','2025-05-31 17:03:15'),(80,40,13,'loser','2025-05-31 17:03:15','2025-05-31 17:03:15'),(81,41,1,'winner','2025-05-31 17:03:15','2025-05-31 17:03:15'),(82,41,13,'loser','2025-05-31 17:03:15','2025-05-31 17:03:15'),(83,42,1,'winner','2025-05-31 17:03:15','2025-05-31 17:03:15'),(84,42,2,'loser','2025-05-31 17:03:15','2025-05-31 17:03:15'),(85,43,11,'winner','2025-05-31 17:03:15','2025-05-31 17:03:15'),(86,43,13,'loser','2025-05-31 17:03:15','2025-05-31 17:03:15'),(87,44,1,'winner','2025-05-31 17:03:15','2025-05-31 17:03:15'),(88,44,11,'loser','2025-05-31 17:03:15','2025-05-31 17:03:15'),(89,45,1,'winner','2025-05-31 17:03:15','2025-05-31 17:03:15'),(90,45,21,'loser','2025-05-31 17:03:15','2025-05-31 17:03:15'),(91,46,2,'winner','2025-05-31 17:03:15','2025-05-31 17:03:15'),(92,46,22,'loser','2025-05-31 17:03:15','2025-05-31 17:03:15'),(93,47,7,'winner','2025-05-31 17:03:15','2025-05-31 17:03:15'),(94,47,13,'loser','2025-05-31 17:03:15','2025-05-31 17:03:15'),(95,48,2,'winner','2025-05-31 17:03:15','2025-05-31 17:03:15'),(96,48,23,'loser','2025-05-31 17:03:15','2025-05-31 17:03:15'),(97,49,1,'winner','2025-05-31 17:03:15','2025-05-31 17:03:15'),(98,49,22,'loser','2025-05-31 17:03:15','2025-05-31 17:03:15'),(99,50,1,'winner','2025-05-31 17:03:15','2025-05-31 17:03:15'),(100,50,2,'loser','2025-05-31 17:03:15','2025-05-31 17:03:15'),(101,51,24,'winner','2025-05-31 17:03:15','2025-05-31 17:03:15'),(102,51,13,'loser','2025-05-31 17:03:15','2025-05-31 17:03:15'),(103,52,13,'winner','2025-05-31 17:03:15','2025-05-31 17:03:15'),(104,52,21,'loser','2025-05-31 17:03:15','2025-05-31 17:03:15'),(105,53,25,'winner','2025-05-31 17:03:15','2025-05-31 17:03:15'),(106,53,26,'loser','2025-05-31 17:03:15','2025-05-31 17:03:15'),(107,54,2,'winner','2025-05-31 17:03:15','2025-05-31 17:03:15'),(108,54,27,'loser','2025-05-31 17:03:15','2025-05-31 17:03:15'),(109,55,1,'winner','2025-05-31 17:03:15','2025-05-31 17:03:15'),(110,55,11,'loser','2025-05-31 17:03:15','2025-05-31 17:03:15'),(111,56,1,'winner','2025-05-31 17:03:15','2025-05-31 17:03:15'),(112,56,21,'loser','2025-05-31 17:03:15','2025-05-31 17:03:15'),(113,57,13,'winner','2025-05-31 17:03:15','2025-05-31 17:03:15'),(114,57,28,'loser','2025-05-31 17:03:15','2025-05-31 17:03:15'),(115,58,8,'winner','2025-05-31 17:03:15','2025-05-31 17:03:15'),(116,58,13,'loser','2025-05-31 17:03:15','2025-05-31 17:03:15'),(117,59,2,'winner','2025-05-31 17:03:15','2025-05-31 17:03:15'),(118,59,1,'loser','2025-05-31 17:03:15','2025-05-31 17:03:15'),(119,60,3,'winner','2025-05-31 17:03:15','2025-05-31 17:03:15'),(120,60,11,'loser','2025-05-31 17:03:15','2025-05-31 17:03:15'),(121,61,11,'winner','2025-05-31 17:03:15','2025-05-31 17:03:15'),(122,61,7,'loser','2025-05-31 17:03:15','2025-05-31 17:03:15'),(123,62,2,'winner','2025-05-31 17:03:15','2025-05-31 17:03:15'),(124,62,13,'loser','2025-05-31 17:03:15','2025-05-31 17:03:15'),(125,63,11,'winner','2025-05-31 17:03:15','2025-05-31 17:03:15'),(126,63,5,'loser','2025-05-31 17:03:15','2025-05-31 17:03:15'),(127,64,1,'winner','2025-05-31 17:03:15','2025-05-31 17:03:15'),(128,64,11,'loser','2025-05-31 17:03:15','2025-05-31 17:03:15'),(129,65,21,'winner','2025-05-31 17:03:15','2025-05-31 17:03:15'),(130,65,13,'loser','2025-05-31 17:03:15','2025-05-31 17:03:15'),(131,66,13,'winner','2025-05-31 17:03:15','2025-05-31 17:03:15'),(132,66,11,'loser','2025-05-31 17:03:15','2025-05-31 17:03:15'),(133,67,1,'winner','2025-05-31 17:03:15','2025-05-31 17:03:15'),(134,67,2,'loser','2025-05-31 17:03:15','2025-05-31 17:03:15'),(135,68,2,'winner','2025-05-31 17:03:15','2025-05-31 17:03:15'),(136,68,13,'loser','2025-05-31 17:03:15','2025-05-31 17:03:15'),(137,69,5,'winner','2025-05-31 17:03:15','2025-05-31 17:03:15'),(138,69,13,'loser','2025-05-31 17:03:15','2025-05-31 17:03:15'),(139,70,13,'winner','2025-05-31 17:03:15','2025-05-31 17:03:15'),(140,70,29,'loser','2025-05-31 17:03:15','2025-05-31 17:03:15'),(141,71,1,'winner','2025-05-31 17:03:15','2025-05-31 17:03:15'),(142,71,15,'loser','2025-05-31 17:03:15','2025-05-31 17:03:15'),(143,72,2,'winner','2025-05-31 17:03:15','2025-05-31 17:03:15'),(144,72,11,'loser','2025-05-31 17:03:15','2025-05-31 17:03:15'),(145,73,30,'winner','2025-05-31 17:03:15','2025-05-31 17:03:15'),(146,73,31,'loser','2025-05-31 17:03:15','2025-05-31 17:03:15'),(147,74,3,'winner','2025-05-31 17:03:15','2025-05-31 17:03:15'),(148,74,2,'loser','2025-05-31 17:03:15','2025-05-31 17:03:15'),(149,75,11,'winner','2025-05-31 17:03:15','2025-05-31 17:03:15'),(150,75,34,'loser','2025-05-31 17:03:15','2025-05-31 17:03:15'),(151,76,2,'winner','2025-05-31 17:03:15','2025-05-31 17:03:15'),(152,76,27,'loser','2025-05-31 17:03:15','2025-05-31 17:03:15'),(153,77,22,'winner','2025-05-31 17:03:15','2025-05-31 17:03:15'),(154,77,13,'loser','2025-05-31 17:03:15','2025-05-31 17:03:15'),(155,78,28,'winner','2025-05-31 17:03:15','2025-05-31 17:03:15'),(156,78,35,'loser','2025-05-31 17:03:15','2025-05-31 17:03:15'),(157,79,1,'winner','2025-05-31 17:03:15','2025-05-31 17:03:15'),(158,79,11,'loser','2025-05-31 17:03:15','2025-05-31 17:03:15'),(159,80,2,'winner','2025-05-31 17:03:15','2025-05-31 17:03:15'),(160,80,13,'loser','2025-05-31 17:03:15','2025-05-31 17:03:15'),(161,81,24,'winner','2025-05-31 17:03:15','2025-05-31 17:03:15'),(162,81,13,'loser','2025-05-31 17:03:15','2025-05-31 17:03:15'),(163,82,11,'winner','2025-05-31 17:03:15','2025-05-31 17:03:15'),(164,82,21,'loser','2025-05-31 17:03:15','2025-05-31 17:03:15'),(165,83,37,'winner','2025-05-31 17:03:15','2025-05-31 17:03:15'),(166,83,13,'loser','2025-05-31 17:03:15','2025-05-31 17:03:15'),(167,84,38,'winner','2025-05-31 17:03:15','2025-05-31 17:03:15'),(168,84,5,'loser','2025-05-31 17:03:15','2025-05-31 17:03:15'),(169,85,37,'winner','2025-05-31 17:03:15','2025-05-31 17:03:15'),(170,85,13,'loser','2025-05-31 17:03:15','2025-05-31 17:03:15'),(171,86,34,'winner','2025-05-31 17:03:15','2025-05-31 17:03:15'),(172,86,13,'loser','2025-05-31 17:03:15','2025-05-31 17:03:15'),(173,87,1,'winner','2025-05-31 17:03:15','2025-05-31 17:03:15'),(174,87,11,'loser','2025-05-31 17:03:15','2025-05-31 17:03:15'),(175,88,2,'winner','2025-05-31 17:03:15','2025-05-31 17:03:15'),(176,88,11,'loser','2025-05-31 17:03:15','2025-05-31 17:03:15'),(177,89,1,'winner','2025-05-31 17:03:15','2025-05-31 17:03:15'),(178,89,11,'loser','2025-05-31 17:03:15','2025-05-31 17:03:15'),(179,90,39,'winner','2025-05-31 17:03:15','2025-05-31 17:03:15'),(180,90,40,'loser','2025-05-31 17:03:15','2025-05-31 17:03:15'),(181,91,41,'winner','2025-05-31 17:03:15','2025-05-31 17:03:15'),(182,91,13,'loser','2025-05-31 17:03:15','2025-05-31 17:03:15'),(183,92,3,'winner','2025-05-31 17:03:15','2025-05-31 17:03:15'),(184,92,2,'loser','2025-05-31 17:03:15','2025-05-31 17:03:15'),(185,93,4,'winner','2025-05-31 17:03:15','2025-05-31 17:03:15'),(186,93,13,'loser','2025-05-31 17:03:15','2025-05-31 17:03:15'),(187,94,13,'winner','2025-05-31 17:03:15','2025-05-31 17:03:15'),(188,94,42,'loser','2025-05-31 17:03:15','2025-05-31 17:03:15'),(189,95,13,'winner','2025-05-31 17:03:15','2025-05-31 17:03:15'),(190,95,5,'loser','2025-05-31 17:03:15','2025-05-31 17:03:15'),(191,96,1,'winner','2025-05-31 17:03:15','2025-05-31 17:03:15'),(192,96,11,'loser','2025-05-31 17:03:15','2025-05-31 17:03:15'),(193,97,13,'winner','2025-05-31 17:03:15','2025-05-31 17:03:15'),(194,97,43,'loser','2025-05-31 17:03:15','2025-05-31 17:03:15'),(195,98,44,'winner','2025-05-31 17:03:15','2025-05-31 17:03:15'),(196,98,13,'loser','2025-05-31 17:03:15','2025-05-31 17:03:15'),(197,99,1,'winner','2025-05-31 17:03:15','2025-05-31 17:03:15'),(198,99,2,'loser','2025-05-31 17:03:15','2025-05-31 17:03:15'),(199,100,2,'winner','2025-05-31 17:03:15','2025-05-31 17:03:15'),(200,100,45,'loser','2025-05-31 17:03:15','2025-05-31 17:03:15'),(201,101,44,'winner','2025-05-31 17:03:15','2025-05-31 17:03:15'),(202,101,46,'loser','2025-05-31 17:03:15','2025-05-31 17:03:15'),(203,102,47,'winner','2025-05-31 17:03:15','2025-05-31 17:03:15'),(204,102,11,'loser','2025-05-31 17:03:15','2025-05-31 17:03:15'),(205,103,13,'winner','2025-05-31 17:03:15','2025-05-31 17:03:15'),(206,103,48,'loser','2025-05-31 17:03:15','2025-05-31 17:03:15'),(207,104,49,'winner','2025-05-31 17:03:16','2025-05-31 17:03:16'),(208,104,13,'loser','2025-05-31 17:03:16','2025-05-31 17:03:16'),(209,105,1,'winner','2025-05-31 17:03:16','2025-05-31 17:03:16'),(210,105,11,'loser','2025-05-31 17:03:16','2025-05-31 17:03:16'),(211,106,13,'winner','2025-05-31 17:03:16','2025-05-31 17:03:16'),(212,106,50,'loser','2025-05-31 17:03:16','2025-05-31 17:03:16'),(213,107,1,'winner','2025-05-31 17:03:16','2025-05-31 17:03:16'),(214,107,13,'loser','2025-05-31 17:03:16','2025-05-31 17:03:16'),(215,108,2,'winner','2025-05-31 17:03:16','2025-05-31 17:03:16'),(216,108,11,'loser','2025-05-31 17:03:16','2025-05-31 17:03:16'),(217,109,51,'winner','2025-05-31 17:03:16','2025-05-31 17:03:16'),(218,109,52,'loser','2025-05-31 17:03:16','2025-05-31 17:03:16'),(219,110,11,'winner','2025-05-31 17:03:16','2025-05-31 17:03:16'),(220,110,53,'loser','2025-05-31 17:03:16','2025-05-31 17:03:16'),(221,111,43,'winner','2025-05-31 17:03:16','2025-05-31 17:03:16'),(222,111,44,'loser','2025-05-31 17:03:16','2025-05-31 17:03:16'),(223,112,2,'winner','2025-05-31 17:03:16','2025-05-31 17:03:16'),(224,112,23,'loser','2025-05-31 17:03:16','2025-05-31 17:03:16'),(225,113,2,'winner','2025-05-31 17:03:16','2025-05-31 17:03:16'),(226,113,11,'loser','2025-05-31 17:03:16','2025-05-31 17:03:16'),(227,114,54,'winner','2025-05-31 17:03:16','2025-05-31 17:03:16'),(228,114,13,'loser','2025-05-31 17:03:16','2025-05-31 17:03:16'),(229,115,55,'winner','2025-05-31 17:03:16','2025-05-31 17:03:16'),(230,115,53,'loser','2025-05-31 17:03:16','2025-05-31 17:03:16'),(231,116,4,'winner','2025-05-31 17:03:16','2025-05-31 17:03:16'),(232,116,13,'loser','2025-05-31 17:03:16','2025-05-31 17:03:16'),(233,117,1,'winner','2025-05-31 17:03:16','2025-05-31 17:03:16'),(234,117,11,'loser','2025-05-31 17:03:16','2025-05-31 17:03:16'),(235,118,56,'winner','2025-05-31 17:03:16','2025-05-31 17:03:16'),(236,118,42,'loser','2025-05-31 17:03:16','2025-05-31 17:03:16'),(237,119,57,'winner','2025-05-31 17:03:16','2025-05-31 17:03:16'),(238,119,13,'loser','2025-05-31 17:03:16','2025-05-31 17:03:16'),(239,120,58,'winner','2025-05-31 17:03:16','2025-05-31 17:03:16'),(240,120,13,'loser','2025-05-31 17:03:16','2025-05-31 17:03:16'),(241,121,47,'winner','2025-05-31 17:03:16','2025-05-31 17:03:16'),(242,121,13,'loser','2025-05-31 17:03:16','2025-05-31 17:03:16'),(243,122,1,'winner','2025-05-31 17:03:16','2025-05-31 17:03:16'),(244,122,2,'loser','2025-05-31 17:03:16','2025-05-31 17:03:16'),(245,123,59,'winner','2025-05-31 17:03:16','2025-05-31 17:03:16'),(246,123,13,'loser','2025-05-31 17:03:16','2025-05-31 17:03:16'),(247,124,13,'winner','2025-05-31 17:03:16','2025-05-31 17:03:16'),(248,124,4,'loser','2025-05-31 17:03:16','2025-05-31 17:03:16'),(249,125,1,'winner','2025-05-31 17:03:16','2025-05-31 17:03:16'),(250,125,60,'loser','2025-05-31 17:03:16','2025-05-31 17:03:16'),(251,126,1,'winner','2025-05-31 17:03:16','2025-05-31 17:03:16'),(252,126,21,'loser','2025-05-31 17:03:16','2025-05-31 17:03:16'),(253,127,2,'winner','2025-05-31 17:03:16','2025-05-31 17:03:16'),(254,127,11,'loser','2025-05-31 17:03:16','2025-05-31 17:03:16'),(255,128,61,'winner','2025-05-31 17:03:16','2025-05-31 17:03:16'),(256,128,13,'loser','2025-05-31 17:03:16','2025-05-31 17:03:16'),(257,129,2,'winner','2025-05-31 17:03:16','2025-05-31 17:03:16'),(258,129,13,'loser','2025-05-31 17:03:16','2025-05-31 17:03:16'),(259,130,2,'winner','2025-05-31 17:03:16','2025-05-31 17:03:16'),(260,130,34,'loser','2025-05-31 17:03:16','2025-05-31 17:03:16'),(261,131,62,'winner','2025-05-31 17:03:16','2025-05-31 17:03:16'),(262,131,63,'loser','2025-05-31 17:03:16','2025-05-31 17:03:16'),(263,132,64,'winner','2025-05-31 17:03:16','2025-05-31 17:03:16'),(264,132,65,'loser','2025-05-31 17:03:16','2025-05-31 17:03:16'),(265,133,66,'winner','2025-05-31 17:03:16','2025-05-31 17:03:16'),(266,133,13,'loser','2025-05-31 17:03:16','2025-05-31 17:03:16'),(267,134,67,'winner','2025-06-01 12:18:44','2025-06-01 12:18:44'),(268,134,13,'loser','2025-06-01 12:18:44','2025-06-01 12:18:44'),(269,135,63,'winner','2025-06-01 16:38:45','2025-06-01 16:38:45'),(270,135,68,'loser','2025-06-01 16:38:45','2025-06-01 16:38:45'),(271,136,69,'winner','2025-06-02 05:28:20','2025-06-02 05:28:20'),(272,136,70,'loser','2025-06-02 05:28:20','2025-06-02 05:28:20'),(273,137,71,'winner','2025-06-02 12:31:17','2025-06-02 12:31:17'),(274,137,42,'loser','2025-06-02 12:31:17','2025-06-02 12:31:17'),(275,138,72,'winner','2025-06-02 19:37:27','2025-06-02 19:37:27'),(276,138,73,'loser','2025-06-02 19:37:27','2025-06-02 19:37:27'),(277,139,60,'winner','2025-06-03 07:14:09','2025-06-03 07:14:09'),(278,139,13,'loser','2025-06-03 07:14:09','2025-06-03 07:14:09'),(279,140,74,'winner','2025-06-03 08:22:58','2025-06-03 08:22:58'),(280,140,75,'loser','2025-06-03 08:22:58','2025-06-03 08:22:58'),(281,141,76,'winner','2025-06-03 15:21:51','2025-06-03 15:21:51'),(282,141,77,'loser','2025-06-03 15:21:51','2025-06-03 15:21:51'),(283,142,78,'winner','2025-06-03 15:50:25','2025-06-03 15:50:25'),(284,142,56,'loser','2025-06-03 15:50:25','2025-06-03 15:50:25'),(285,143,79,'winner','2025-06-03 19:01:53','2025-06-03 19:01:53'),(286,143,65,'loser','2025-06-03 19:01:53','2025-06-03 19:01:53'),(287,144,1,'winner','2025-06-04 05:26:49','2025-06-04 05:26:49'),(288,144,60,'loser','2025-06-04 05:26:49','2025-06-04 05:26:49'),(289,145,2,'winner','2025-06-04 10:46:07','2025-06-04 10:46:07'),(290,145,13,'loser','2025-06-04 10:46:07','2025-06-04 10:46:07'),(291,146,80,'winner','2025-06-05 07:48:12','2025-06-05 07:48:12'),(292,146,81,'loser','2025-06-05 07:48:12','2025-06-05 07:48:12'),(293,147,1,'winner','2025-06-05 13:42:38','2025-06-05 13:42:38'),(294,147,13,'loser','2025-06-05 13:42:38','2025-06-05 13:42:38'),(295,148,71,'winner','2025-06-05 15:20:33','2025-06-05 15:20:33'),(296,148,42,'loser','2025-06-05 15:20:33','2025-06-05 15:20:33'),(297,149,82,'winner','2025-06-05 19:00:16','2025-06-05 19:00:16'),(298,149,83,'loser','2025-06-05 19:00:16','2025-06-05 19:00:16'),(299,150,71,'winner','2025-06-06 05:41:32','2025-06-06 05:41:32'),(300,150,42,'loser','2025-06-06 05:41:32','2025-06-06 05:41:32'),(301,151,84,'winner','2025-06-06 12:03:09','2025-06-06 12:03:09'),(302,151,85,'loser','2025-06-06 12:03:09','2025-06-06 12:03:09'),(303,152,86,'winner','2025-06-06 12:03:09','2025-06-06 12:03:09'),(304,152,87,'loser','2025-06-06 12:03:09','2025-06-06 12:03:09'),(305,153,88,'winner','2025-06-06 12:03:09','2025-06-06 12:03:09'),(306,153,89,'loser','2025-06-06 12:03:09','2025-06-06 12:03:09'),(307,154,3,'winner','2025-06-06 12:03:09','2025-06-06 12:03:09'),(308,154,90,'loser','2025-06-06 12:03:09','2025-06-06 12:03:09'),(309,155,84,'winner','2025-06-06 12:03:10','2025-06-06 12:03:10'),(310,155,86,'loser','2025-06-06 12:03:10','2025-06-06 12:03:10'),(311,156,3,'winner','2025-06-06 12:03:10','2025-06-06 12:03:10'),(312,156,88,'loser','2025-06-06 12:03:10','2025-06-06 12:03:10'),(313,157,84,'winner','2025-06-06 12:03:10','2025-06-06 12:03:10'),(314,157,3,'loser','2025-06-06 12:03:10','2025-06-06 12:03:10'),(315,158,91,'winner','2025-06-06 12:03:10','2025-06-06 12:03:10'),(316,158,92,'loser','2025-06-06 12:03:10','2025-06-06 12:03:10'),(317,159,93,'winner','2025-06-06 12:03:10','2025-06-06 12:03:10'),(318,159,94,'loser','2025-06-06 12:03:10','2025-06-06 12:03:10'),(319,160,95,'winner','2025-06-06 12:03:11','2025-06-06 12:03:11'),(320,160,96,'loser','2025-06-06 12:03:11','2025-06-06 12:03:11'),(321,161,97,'winner','2025-06-06 12:03:11','2025-06-06 12:03:11'),(322,161,98,'loser','2025-06-06 12:03:11','2025-06-06 12:03:11'),(323,162,91,'winner','2025-06-06 12:03:11','2025-06-06 12:03:11'),(324,162,93,'loser','2025-06-06 12:03:11','2025-06-06 12:03:11'),(325,163,97,'winner','2025-06-06 12:03:11','2025-06-06 12:03:11'),(326,163,95,'loser','2025-06-06 12:03:11','2025-06-06 12:03:11'),(327,164,97,'winner','2025-06-06 12:03:12','2025-06-06 12:03:12'),(328,164,91,'loser','2025-06-06 12:03:12','2025-06-06 12:03:12'),(329,165,99,'winner','2025-06-06 12:03:12','2025-06-06 12:03:12'),(330,165,100,'loser','2025-06-06 12:03:12','2025-06-06 12:03:12'),(331,166,101,'winner','2025-06-06 12:03:12','2025-06-06 12:03:12'),(332,166,102,'loser','2025-06-06 12:03:12','2025-06-06 12:03:12'),(333,167,103,'winner','2025-06-06 12:03:12','2025-06-06 12:03:12'),(334,167,104,'loser','2025-06-06 12:03:12','2025-06-06 12:03:12'),(335,168,105,'winner','2025-06-06 12:03:12','2025-06-06 12:03:12'),(336,168,106,'loser','2025-06-06 12:03:12','2025-06-06 12:03:12'),(337,169,107,'winner','2025-06-06 12:03:13','2025-06-06 12:03:13'),(338,169,108,'loser','2025-06-06 12:03:13','2025-06-06 12:03:13'),(339,170,109,'winner','2025-06-06 12:03:13','2025-06-06 12:03:13'),(340,170,110,'loser','2025-06-06 12:03:13','2025-06-06 12:03:13'),(341,171,111,'winner','2025-06-06 12:03:13','2025-06-06 12:03:13'),(342,171,99,'loser','2025-06-06 12:03:13','2025-06-06 12:03:13'),(343,172,112,'winner','2025-06-06 12:03:13','2025-06-06 12:03:13'),(344,172,101,'loser','2025-06-06 12:03:13','2025-06-06 12:03:13'),(345,173,103,'winner','2025-06-06 12:03:14','2025-06-06 12:03:14'),(346,173,105,'loser','2025-06-06 12:03:14','2025-06-06 12:03:14'),(347,174,109,'winner','2025-06-06 12:03:14','2025-06-06 12:03:14'),(348,174,107,'loser','2025-06-06 12:03:14','2025-06-06 12:03:14'),(349,175,111,'winner','2025-06-06 12:03:14','2025-06-06 12:03:14'),(350,175,112,'loser','2025-06-06 12:03:14','2025-06-06 12:03:14'),(351,176,103,'winner','2025-06-06 12:03:14','2025-06-06 12:03:14'),(352,176,109,'loser','2025-06-06 12:03:14','2025-06-06 12:03:14'),(353,177,103,'winner','2025-06-06 12:03:14','2025-06-06 12:03:14'),(354,177,111,'loser','2025-06-06 12:03:14','2025-06-06 12:03:14'),(355,178,113,'winner','2025-06-06 12:03:15','2025-06-06 12:03:15'),(356,178,114,'loser','2025-06-06 12:03:15','2025-06-06 12:03:15'),(357,179,115,'winner','2025-06-06 12:03:15','2025-06-06 12:03:15'),(358,179,116,'loser','2025-06-06 12:03:15','2025-06-06 12:03:15'),(359,180,117,'winner','2025-06-06 12:03:15','2025-06-06 12:03:15'),(360,180,118,'loser','2025-06-06 12:03:15','2025-06-06 12:03:15'),(361,181,66,'winner','2025-06-06 12:03:15','2025-06-06 12:03:15'),(362,181,119,'loser','2025-06-06 12:03:15','2025-06-06 12:03:15'),(363,182,120,'winner','2025-06-06 12:03:16','2025-06-06 12:03:16'),(364,182,121,'loser','2025-06-06 12:03:16','2025-06-06 12:03:16'),(365,183,113,'winner','2025-06-06 12:03:16','2025-06-06 12:03:16'),(366,183,115,'loser','2025-06-06 12:03:16','2025-06-06 12:03:16'),(367,184,66,'winner','2025-06-06 12:03:16','2025-06-06 12:03:16'),(368,184,117,'loser','2025-06-06 12:03:16','2025-06-06 12:03:16'),(369,185,120,'winner','2025-06-06 12:03:16','2025-06-06 12:03:16'),(370,185,113,'loser','2025-06-06 12:03:16','2025-06-06 12:03:16'),(371,186,66,'winner','2025-06-06 12:03:16','2025-06-06 12:03:16'),(372,186,120,'loser','2025-06-06 12:03:16','2025-06-06 12:03:16'),(373,187,2,'winner','2025-06-06 12:45:47','2025-06-06 12:45:47'),(374,187,22,'loser','2025-06-06 12:45:47','2025-06-06 12:45:47'),(375,188,64,'winner','2025-06-06 15:28:32','2025-06-06 15:28:32'),(376,188,72,'loser','2025-06-06 15:28:32','2025-06-06 15:28:32'),(377,189,67,'winner','2025-06-07 09:13:56','2025-06-07 09:13:56'),(378,189,13,'loser','2025-06-07 09:13:56','2025-06-07 09:13:56'),(379,190,2,'winner','2025-06-07 18:22:37','2025-06-07 18:22:37'),(380,190,11,'loser','2025-06-07 18:22:37','2025-06-07 18:22:37'),(381,191,79,'winner','2025-06-07 20:10:34','2025-06-07 20:10:34'),(382,191,74,'loser','2025-06-07 20:10:34','2025-06-07 20:10:34'),(383,192,13,'winner','2025-06-08 08:02:56','2025-06-08 08:02:56'),(384,192,46,'loser','2025-06-08 08:02:56','2025-06-08 08:02:56'),(385,193,56,'winner','2025-06-09 07:18:34','2025-06-09 07:18:34'),(386,193,42,'loser','2025-06-09 07:18:34','2025-06-09 07:18:34'),(401,202,122,'winner','2025-06-09 11:30:31','2025-06-09 11:30:31'),(402,202,123,'loser','2025-06-09 11:30:31','2025-06-09 11:30:31'),(403,203,124,'winner','2025-06-09 11:30:31','2025-06-09 11:30:31'),(404,203,110,'loser','2025-06-09 11:30:31','2025-06-09 11:30:31'),(405,204,122,'winner','2025-06-09 11:30:31','2025-06-09 11:30:31'),(406,204,124,'loser','2025-06-09 11:30:31','2025-06-09 11:30:31'),(407,205,125,'winner','2025-06-09 11:30:32','2025-06-09 11:30:32'),(408,205,116,'loser','2025-06-09 11:30:32','2025-06-09 11:30:32'),(409,206,126,'winner','2025-06-09 11:30:32','2025-06-09 11:30:32'),(410,206,127,'loser','2025-06-09 11:30:32','2025-06-09 11:30:32'),(411,207,128,'winner','2025-06-09 11:30:32','2025-06-09 11:30:32'),(412,207,129,'loser','2025-06-09 11:30:32','2025-06-09 11:30:32'),(413,208,128,'winner','2025-06-09 11:30:33','2025-06-09 11:30:33'),(414,208,130,'loser','2025-06-09 11:30:33','2025-06-09 11:30:33'),(415,209,126,'winner','2025-06-09 11:30:33','2025-06-09 11:30:33'),(416,209,128,'loser','2025-06-09 11:30:33','2025-06-09 11:30:33'),(417,210,131,'winner','2025-06-09 11:30:34','2025-06-09 11:30:34'),(418,210,132,'loser','2025-06-09 11:30:34','2025-06-09 11:30:34'),(419,211,127,'winner','2025-06-09 11:30:34','2025-06-09 11:30:34'),(420,211,130,'loser','2025-06-09 11:30:34','2025-06-09 11:30:34'),(421,212,133,'winner','2025-06-09 11:30:35','2025-06-09 11:30:35'),(422,212,134,'loser','2025-06-09 11:30:35','2025-06-09 11:30:35'),(423,213,135,'winner','2025-06-09 11:30:35','2025-06-09 11:30:35'),(424,213,136,'loser','2025-06-09 11:30:35','2025-06-09 11:30:35'),(425,214,137,'winner','2025-06-09 11:30:35','2025-06-09 11:30:35'),(426,214,138,'loser','2025-06-09 11:30:35','2025-06-09 11:30:35'),(427,215,131,'winner','2025-06-09 11:30:36','2025-06-09 11:30:36'),(428,215,133,'loser','2025-06-09 11:30:36','2025-06-09 11:30:36'),(429,216,135,'winner','2025-06-09 11:30:36','2025-06-09 11:30:36'),(430,216,137,'loser','2025-06-09 11:30:36','2025-06-09 11:30:36'),(431,217,135,'winner','2025-06-09 11:30:37','2025-06-09 11:30:37'),(432,217,131,'loser','2025-06-09 11:30:37','2025-06-09 11:30:37'),(433,218,139,'winner','2025-06-09 11:30:37','2025-06-09 11:30:37'),(434,218,140,'loser','2025-06-09 11:30:37','2025-06-09 11:30:37'),(435,219,141,'winner','2025-06-09 11:30:38','2025-06-09 11:30:38'),(436,219,142,'loser','2025-06-09 11:30:38','2025-06-09 11:30:38'),(437,220,141,'winner','2025-06-09 11:30:38','2025-06-09 11:30:38'),(438,220,139,'loser','2025-06-09 11:30:38','2025-06-09 11:30:38'),(439,221,143,'winner','2025-06-09 11:30:55','2025-06-09 11:30:55'),(440,221,127,'loser','2025-06-09 11:30:55','2025-06-09 11:30:55'),(441,222,144,'winner','2025-06-09 11:30:56','2025-06-09 11:30:56'),(442,222,145,'loser','2025-06-09 11:30:56','2025-06-09 11:30:56'),(443,223,146,'winner','2025-06-09 11:30:56','2025-06-09 11:30:56'),(444,223,147,'loser','2025-06-09 11:30:56','2025-06-09 11:30:56'),(445,224,148,'winner','2025-06-09 11:30:57','2025-06-09 11:30:57'),(446,224,149,'loser','2025-06-09 11:30:57','2025-06-09 11:30:57'),(447,225,144,'winner','2025-06-09 11:30:58','2025-06-09 11:30:58'),(448,225,143,'loser','2025-06-09 11:30:58','2025-06-09 11:30:58'),(449,226,146,'winner','2025-06-09 11:30:58','2025-06-09 11:30:58'),(450,226,148,'loser','2025-06-09 11:30:58','2025-06-09 11:30:58'),(451,227,146,'winner','2025-06-09 11:30:59','2025-06-09 11:30:59'),(452,227,144,'loser','2025-06-09 11:30:59','2025-06-09 11:30:59'),(453,228,150,'winner','2025-06-09 11:30:59','2025-06-09 11:30:59'),(454,228,151,'loser','2025-06-09 11:30:59','2025-06-09 11:30:59'),(455,229,150,'winner','2025-06-09 11:30:59','2025-06-09 11:30:59'),(456,229,152,'loser','2025-06-09 11:31:00','2025-06-09 11:31:00'),(457,230,148,'winner','2025-06-09 11:31:00','2025-06-09 11:31:00'),(458,230,153,'loser','2025-06-09 11:31:00','2025-06-09 11:31:00'),(459,231,154,'winner','2025-06-09 11:31:01','2025-06-09 11:31:01'),(460,231,127,'loser','2025-06-09 11:31:01','2025-06-09 11:31:01'),(461,232,155,'winner','2025-06-09 11:31:02','2025-06-09 11:31:02'),(462,232,156,'loser','2025-06-09 11:31:02','2025-06-09 11:31:02'),(463,233,148,'winner','2025-06-09 11:31:03','2025-06-09 11:31:03'),(464,233,150,'loser','2025-06-09 11:31:03','2025-06-09 11:31:03'),(465,234,155,'winner','2025-06-09 11:31:03','2025-06-09 11:31:03'),(466,234,154,'loser','2025-06-09 11:31:03','2025-06-09 11:31:03'),(467,235,155,'winner','2025-06-09 11:31:04','2025-06-09 11:31:04'),(468,235,148,'loser','2025-06-09 11:31:04','2025-06-09 11:31:04'),(469,236,138,'winner','2025-06-09 11:31:05','2025-06-09 11:31:05'),(470,236,157,'loser','2025-06-09 11:31:05','2025-06-09 11:31:05'),(471,237,158,'winner','2025-06-09 11:31:05','2025-06-09 11:31:05'),(472,237,141,'loser','2025-06-09 11:31:05','2025-06-09 11:31:05'),(473,238,158,'winner','2025-06-09 11:31:06','2025-06-09 11:31:06'),(474,238,138,'loser','2025-06-09 11:31:06','2025-06-09 11:31:06'),(475,239,159,'winner','2025-06-09 11:31:07','2025-06-09 11:31:07'),(476,239,160,'loser','2025-06-09 11:31:07','2025-06-09 11:31:07'),(477,240,140,'winner','2025-06-09 11:31:07','2025-06-09 11:31:07'),(478,240,161,'loser','2025-06-09 11:31:07','2025-06-09 11:31:07'),(479,241,162,'winner','2025-06-09 11:31:08','2025-06-09 11:31:08'),(480,241,163,'loser','2025-06-09 11:31:08','2025-06-09 11:31:08'),(481,242,159,'winner','2025-06-09 11:31:09','2025-06-09 11:31:09'),(482,242,158,'loser','2025-06-09 11:31:09','2025-06-09 11:31:09'),(483,243,162,'winner','2025-06-09 11:31:10','2025-06-09 11:31:10'),(484,243,140,'loser','2025-06-09 11:31:10','2025-06-09 11:31:10'),(491,248,122,'winner','2025-06-09 11:35:20','2025-06-09 11:35:20'),(492,248,164,'loser','2025-06-09 11:35:20','2025-06-09 11:35:20'),(493,249,165,'winner','2025-06-09 11:35:20','2025-06-09 11:35:20'),(494,249,110,'loser','2025-06-09 11:35:20','2025-06-09 11:35:20'),(495,250,165,'winner','2025-06-09 11:35:21','2025-06-09 11:35:21'),(496,250,122,'loser','2025-06-09 11:35:21','2025-06-09 11:35:21'),(497,251,120,'winner','2025-06-09 11:35:21','2025-06-09 11:35:21'),(498,251,166,'loser','2025-06-09 11:35:21','2025-06-09 11:35:21'),(499,252,167,'winner','2025-06-09 11:35:21','2025-06-09 11:35:21'),(500,252,156,'loser','2025-06-09 11:35:21','2025-06-09 11:35:21'),(501,253,120,'winner','2025-06-09 11:35:22','2025-06-09 11:35:22'),(502,253,168,'loser','2025-06-09 11:35:22','2025-06-09 11:35:22'),(503,254,167,'winner','2025-06-09 11:35:22','2025-06-09 11:35:22'),(504,254,120,'loser','2025-06-09 11:35:22','2025-06-09 11:35:22'),(505,255,3,'winner','2025-06-09 11:35:23','2025-06-09 11:35:23'),(506,255,131,'loser','2025-06-09 11:35:23','2025-06-09 11:35:23'),(507,256,136,'winner','2025-06-09 11:35:23','2025-06-09 11:35:23'),(508,256,86,'loser','2025-06-09 11:35:23','2025-06-09 11:35:23'),(509,257,136,'winner','2025-06-09 11:35:24','2025-06-09 11:35:24'),(510,257,3,'loser','2025-06-09 11:35:24','2025-06-09 11:35:24'),(511,258,169,'winner','2025-06-09 11:35:24','2025-06-09 11:35:24'),(512,258,170,'loser','2025-06-09 11:35:24','2025-06-09 11:35:24'),(513,259,88,'winner','2025-06-09 11:35:25','2025-06-09 11:35:25'),(514,259,171,'loser','2025-06-09 11:35:25','2025-06-09 11:35:25'),(515,260,169,'winner','2025-06-09 11:35:25','2025-06-09 11:35:25'),(516,260,88,'loser','2025-06-09 11:35:25','2025-06-09 11:35:25'),(517,261,148,'winner','2025-06-09 11:35:26','2025-06-09 11:35:26'),(518,261,172,'loser','2025-06-09 11:35:26','2025-06-09 11:35:26'),(519,262,138,'winner','2025-06-09 11:35:26','2025-06-09 11:35:26'),(520,262,131,'loser','2025-06-09 11:35:26','2025-06-09 11:35:26'),(521,263,148,'winner','2025-06-09 11:35:27','2025-06-09 11:35:27'),(522,263,138,'loser','2025-06-09 11:35:27','2025-06-09 11:35:27'),(523,264,173,'winner','2025-06-09 11:35:27','2025-06-09 11:35:27'),(524,264,174,'loser','2025-06-09 11:35:27','2025-06-09 11:35:27'),(525,265,136,'winner','2025-06-09 11:35:28','2025-06-09 11:35:28'),(526,265,168,'loser','2025-06-09 11:35:28','2025-06-09 11:35:28'),(527,266,173,'winner','2025-06-09 11:35:28','2025-06-09 11:35:28'),(528,266,136,'loser','2025-06-09 11:35:28','2025-06-09 11:35:28'),(529,267,123,'winner','2025-06-09 11:35:45','2025-06-09 11:35:45'),(530,267,175,'loser','2025-06-09 11:35:45','2025-06-09 11:35:45'),(531,268,148,'winner','2025-06-09 11:35:45','2025-06-09 11:35:45'),(532,268,176,'loser','2025-06-09 11:35:45','2025-06-09 11:35:45'),(533,269,177,'winner','2025-06-09 11:35:46','2025-06-09 11:35:46'),(534,269,178,'loser','2025-06-09 11:35:46','2025-06-09 11:35:46'),(535,270,179,'winner','2025-06-09 11:35:46','2025-06-09 11:35:46'),(536,270,180,'loser','2025-06-09 11:35:46','2025-06-09 11:35:46'),(537,271,123,'winner','2025-06-09 11:35:47','2025-06-09 11:35:47'),(538,271,148,'loser','2025-06-09 11:35:47','2025-06-09 11:35:47'),(539,272,179,'winner','2025-06-09 11:35:47','2025-06-09 11:35:47'),(540,272,177,'loser','2025-06-09 11:35:47','2025-06-09 11:35:47'),(541,273,179,'winner','2025-06-09 11:35:48','2025-06-09 11:35:48'),(542,273,123,'loser','2025-06-09 11:35:48','2025-06-09 11:35:48'),(543,274,181,'winner','2025-06-09 11:35:48','2025-06-09 11:35:48'),(544,274,176,'loser','2025-06-09 11:35:48','2025-06-09 11:35:48'),(545,275,148,'winner','2025-06-09 11:35:49','2025-06-09 11:35:49'),(546,275,182,'loser','2025-06-09 11:35:49','2025-06-09 11:35:49'),(547,276,168,'winner','2025-06-09 11:35:50','2025-06-09 11:35:50'),(548,276,183,'loser','2025-06-09 11:35:50','2025-06-09 11:35:50'),(549,277,153,'winner','2025-06-09 11:35:51','2025-06-09 11:35:51'),(550,277,184,'loser','2025-06-09 11:35:51','2025-06-09 11:35:51'),(551,278,172,'winner','2025-06-09 11:35:51','2025-06-09 11:35:51'),(552,278,185,'loser','2025-06-09 11:35:51','2025-06-09 11:35:51'),(553,279,186,'winner','2025-06-09 11:35:52','2025-06-09 11:35:52'),(554,279,187,'loser','2025-06-09 11:35:52','2025-06-09 11:35:52'),(555,280,156,'winner','2025-06-09 11:35:53','2025-06-09 11:35:53'),(556,280,181,'loser','2025-06-09 11:35:53','2025-06-09 11:35:53'),(557,281,168,'winner','2025-06-09 11:35:53','2025-06-09 11:35:53'),(558,281,148,'loser','2025-06-09 11:35:53','2025-06-09 11:35:53'),(559,282,172,'winner','2025-06-09 11:35:54','2025-06-09 11:35:54'),(560,282,153,'loser','2025-06-09 11:35:54','2025-06-09 11:35:54'),(561,283,188,'winner','2025-06-09 11:35:54','2025-06-09 11:35:54'),(562,283,186,'loser','2025-06-09 11:35:54','2025-06-09 11:35:54'),(563,284,156,'winner','2025-06-09 11:35:55','2025-06-09 11:35:55'),(564,284,168,'loser','2025-06-09 11:35:55','2025-06-09 11:35:55'),(565,285,172,'winner','2025-06-09 11:35:55','2025-06-09 11:35:55'),(566,285,188,'loser','2025-06-09 11:35:55','2025-06-09 11:35:55'),(567,286,172,'winner','2025-06-09 11:35:56','2025-06-09 11:35:56'),(568,286,156,'loser','2025-06-09 11:35:56','2025-06-09 11:35:56'),(569,287,169,'winner','2025-06-09 11:35:56','2025-06-09 11:35:56'),(570,287,189,'loser','2025-06-09 11:35:56','2025-06-09 11:35:56'),(571,288,190,'winner','2025-06-09 11:35:57','2025-06-09 11:35:57'),(572,288,191,'loser','2025-06-09 11:35:57','2025-06-09 11:35:57'),(573,289,169,'winner','2025-06-09 11:35:57','2025-06-09 11:35:57'),(574,289,190,'loser','2025-06-09 11:35:57','2025-06-09 11:35:57'),(575,290,192,'winner','2025-06-09 11:36:10','2025-06-09 11:36:10'),(576,290,193,'loser','2025-06-09 11:36:10','2025-06-09 11:36:10'),(577,291,194,'winner','2025-06-09 11:36:10','2025-06-09 11:36:10'),(578,291,195,'loser','2025-06-09 11:36:10','2025-06-09 11:36:10'),(579,292,136,'winner','2025-06-09 11:36:10','2025-06-09 11:36:10'),(580,292,196,'loser','2025-06-09 11:36:10','2025-06-09 11:36:10'),(581,293,192,'winner','2025-06-09 11:36:11','2025-06-09 11:36:11'),(582,293,197,'loser','2025-06-09 11:36:11','2025-06-09 11:36:11'),(583,294,198,'winner','2025-06-09 11:36:11','2025-06-09 11:36:11'),(584,294,199,'loser','2025-06-09 11:36:11','2025-06-09 11:36:11'),(585,295,194,'winner','2025-06-09 11:36:12','2025-06-09 11:36:12'),(586,295,200,'loser','2025-06-09 11:36:12','2025-06-09 11:36:12'),(587,296,201,'winner','2025-06-09 11:36:12','2025-06-09 11:36:12'),(588,296,136,'loser','2025-06-09 11:36:12','2025-06-09 11:36:12'),(589,297,202,'winner','2025-06-09 11:36:12','2025-06-09 11:36:12'),(590,297,203,'loser','2025-06-09 11:36:12','2025-06-09 11:36:12'),(591,298,204,'winner','2025-06-09 11:36:13','2025-06-09 11:36:13'),(592,298,205,'loser','2025-06-09 11:36:13','2025-06-09 11:36:13'),(593,299,206,'winner','2025-06-09 11:36:13','2025-06-09 11:36:13'),(594,299,207,'loser','2025-06-09 11:36:13','2025-06-09 11:36:13'),(595,300,208,'winner','2025-06-09 11:36:14','2025-06-09 11:36:14'),(596,300,209,'loser','2025-06-09 11:36:14','2025-06-09 11:36:14'),(597,301,210,'winner','2025-06-09 11:36:14','2025-06-09 11:36:14'),(598,301,211,'loser','2025-06-09 11:36:14','2025-06-09 11:36:14'),(599,302,212,'winner','2025-06-09 11:36:14','2025-06-09 11:36:14'),(600,302,213,'loser','2025-06-09 11:36:14','2025-06-09 11:36:14'),(601,303,125,'winner','2025-06-09 11:36:15','2025-06-09 11:36:15'),(602,303,214,'loser','2025-06-09 11:36:15','2025-06-09 11:36:15'),(603,304,215,'winner','2025-06-09 11:36:15','2025-06-09 11:36:15'),(604,304,216,'loser','2025-06-09 11:36:15','2025-06-09 11:36:15'),(605,305,217,'winner','2025-06-09 11:36:16','2025-06-09 11:36:16'),(607,306,219,'winner','2025-06-09 11:36:16','2025-06-09 11:36:16'),(609,307,66,'winner','2025-06-09 11:36:17','2025-06-09 11:36:17'),(610,307,127,'loser','2025-06-09 11:36:17','2025-06-09 11:36:17'),(611,308,221,'winner','2025-06-09 11:36:17','2025-06-09 11:36:17'),(612,308,222,'loser','2025-06-09 11:36:17','2025-06-09 11:36:17'),(613,309,217,'winner','2025-06-09 11:36:17','2025-06-09 11:36:17'),(614,309,223,'loser','2025-06-09 11:36:17','2025-06-09 11:36:17'),(615,310,219,'winner','2025-06-09 11:36:18','2025-06-09 11:36:18'),(616,310,224,'loser','2025-06-09 11:36:18','2025-06-09 11:36:18'),(617,311,225,'winner','2025-06-09 11:36:19','2025-06-09 11:36:19'),(618,311,66,'loser','2025-06-09 11:36:19','2025-06-09 11:36:19'),(619,312,226,'winner','2025-06-09 11:36:19','2025-06-09 11:36:19'),(620,312,221,'loser','2025-06-09 11:36:19','2025-06-09 11:36:19'),(621,313,227,'winner','2025-06-09 11:36:20','2025-06-09 11:36:20'),(622,313,228,'loser','2025-06-09 11:36:20','2025-06-09 11:36:20'),(623,314,229,'winner','2025-06-09 11:36:20','2025-06-09 11:36:20'),(624,314,230,'loser','2025-06-09 11:36:20','2025-06-09 11:36:20'),(625,315,231,'winner','2025-06-09 11:36:21','2025-06-09 11:36:21'),(626,315,232,'loser','2025-06-09 11:36:21','2025-06-09 11:36:21'),(627,306,233,'loser','2025-06-10 07:58:48','2025-06-10 07:58:48'),(628,316,234,'winner','2025-06-10 08:06:36','2025-06-10 08:06:36'),(629,316,235,'loser','2025-06-10 08:06:36','2025-06-10 08:06:36'),(630,317,236,'winner','2025-06-10 08:07:21','2025-06-10 08:07:21'),(631,317,237,'loser','2025-06-10 08:07:21','2025-06-10 08:07:21'),(632,318,238,'winner','2025-06-10 08:07:52','2025-06-10 08:07:52'),(633,318,239,'loser','2025-06-10 08:07:52','2025-06-10 08:07:52'),(634,319,240,'winner','2025-06-10 08:08:26','2025-06-10 08:08:26'),(635,319,241,'loser','2025-06-10 08:08:26','2025-06-10 08:08:26'),(636,320,242,'winner','2025-06-10 08:08:51','2025-06-10 08:08:51'),(637,320,243,'loser','2025-06-10 08:08:51','2025-06-10 08:08:51'),(638,321,244,'winner','2025-06-10 08:09:29','2025-06-10 08:09:29'),(639,321,245,'loser','2025-06-10 08:09:29','2025-06-10 08:09:29'),(640,322,246,'winner','2025-06-10 08:10:17','2025-06-10 08:10:17'),(641,322,247,'loser','2025-06-10 08:10:17','2025-06-10 08:10:17'),(642,323,248,'winner','2025-06-10 08:10:44','2025-06-10 08:10:44'),(643,323,225,'loser','2025-06-10 08:10:44','2025-06-10 08:10:44'),(644,324,249,'winner','2025-06-10 08:11:18','2025-06-10 08:11:18'),(645,324,250,'loser','2025-06-10 08:11:18','2025-06-10 08:11:18'),(646,325,251,'winner','2025-06-10 08:11:52','2025-06-10 08:11:52'),(647,325,252,'loser','2025-06-10 08:11:52','2025-06-10 08:11:52'),(648,326,253,'winner','2025-06-10 08:12:22','2025-06-10 08:12:22'),(649,326,254,'loser','2025-06-10 08:12:22','2025-06-10 08:12:22'),(650,327,255,'winner','2025-06-10 08:13:18','2025-06-10 08:13:18'),(651,327,256,'loser','2025-06-10 08:13:18','2025-06-10 08:13:18'),(652,328,257,'winner','2025-06-10 08:20:41','2025-06-10 08:20:41'),(653,328,258,'loser','2025-06-10 08:20:41','2025-06-10 08:20:41'),(654,329,259,'winner','2025-06-10 08:22:20','2025-06-10 08:22:20'),(655,329,260,'loser','2025-06-10 08:22:20','2025-06-10 08:22:20'),(656,330,261,'winner','2025-06-10 08:23:28','2025-06-10 08:23:28'),(657,330,262,'loser','2025-06-10 08:23:28','2025-06-10 08:23:28'),(658,331,263,'winner','2025-06-10 08:25:33','2025-06-10 08:25:33'),(659,331,264,'loser','2025-06-10 08:25:33','2025-06-10 08:25:33'),(660,332,265,'winner','2025-06-10 08:27:55','2025-06-10 08:27:55'),(661,332,266,'loser','2025-06-10 08:27:55','2025-06-10 08:27:55'),(662,333,267,'winner','2025-06-10 08:29:24','2025-06-10 08:29:24'),(663,333,268,'loser','2025-06-10 08:29:24','2025-06-10 08:29:24'),(664,334,227,'winner','2025-06-10 08:32:33','2025-06-10 08:32:33'),(665,334,231,'loser','2025-06-10 08:32:33','2025-06-10 08:32:33'),(666,335,212,'winner','2025-06-10 08:34:25','2025-06-10 08:34:25'),(667,335,215,'loser','2025-06-10 08:34:25','2025-06-10 08:34:25'),(668,336,225,'winner','2025-06-10 08:40:02','2025-06-10 08:40:02'),(669,336,217,'loser','2025-06-10 08:40:02','2025-06-10 08:40:02'),(670,337,201,'winner','2025-06-10 08:43:54','2025-06-10 08:43:54'),(671,337,192,'loser','2025-06-10 08:43:54','2025-06-10 08:43:54'),(672,338,269,'winner','2025-06-10 08:45:15','2025-06-10 08:45:15'),(673,338,202,'loser','2025-06-10 08:45:15','2025-06-10 08:45:15'),(674,305,270,'loser','2025-06-10 10:10:38','2025-06-10 10:10:38'),(675,339,13,'winner','2025-06-10 16:47:17','2025-06-10 16:47:17'),(676,339,4,'loser','2025-06-10 16:47:17','2025-06-10 16:47:17'),(677,340,1,'winner','2025-06-11 04:35:52','2025-06-11 04:35:52'),(678,340,60,'loser','2025-06-11 04:35:52','2025-06-11 04:35:52'),(679,341,271,'winner','2025-06-11 09:17:48','2025-06-11 09:17:48'),(680,341,272,'loser','2025-06-11 09:17:48','2025-06-11 09:17:48'),(681,342,2,'winner','2025-06-11 09:31:09','2025-06-11 09:31:09'),(682,342,13,'loser','2025-06-11 09:31:09','2025-06-11 09:31:09'),(683,343,13,'winner','2025-06-12 05:19:23','2025-06-12 05:19:23'),(684,343,63,'loser','2025-06-12 05:19:23','2025-06-12 05:19:23'),(685,344,80,'winner','2025-06-12 07:30:17','2025-06-12 07:30:17'),(686,344,69,'loser','2025-06-12 07:30:17','2025-06-12 07:30:17'),(688,345,274,'loser','2025-06-13 08:41:42','2025-06-13 08:41:42'),(690,346,276,'loser','2025-06-13 08:43:00','2025-06-13 08:43:00'),(692,347,214,'loser','2025-06-13 08:43:43','2025-06-13 08:43:43'),(694,348,279,'loser','2025-06-13 08:44:30','2025-06-13 08:44:30'),(695,349,280,'winner','2025-06-13 08:45:22','2025-06-13 08:45:22'),(696,349,281,'loser','2025-06-13 08:45:22','2025-06-13 08:45:22'),(697,350,1,'winner','2025-06-13 09:37:00','2025-06-13 09:37:00'),(698,350,2,'loser','2025-06-13 09:37:00','2025-06-13 09:37:00'),(699,351,282,'winner','2025-06-13 09:47:06','2025-06-13 09:47:06'),(700,351,283,'loser','2025-06-13 09:47:06','2025-06-13 09:47:06'),(701,352,284,'winner','2025-06-13 09:49:50','2025-06-13 09:49:50'),(702,352,285,'loser','2025-06-13 09:49:50','2025-06-13 09:49:50'),(703,353,286,'winner','2025-06-13 09:51:43','2025-06-13 09:51:43'),(704,353,287,'loser','2025-06-13 09:51:43','2025-06-13 09:51:43'),(705,354,259,'winner','2025-06-13 09:57:16','2025-06-13 09:57:16'),(706,354,282,'loser','2025-06-13 09:57:16','2025-06-13 09:57:16'),(707,355,259,'winner','2025-06-13 10:00:46','2025-06-13 10:00:46'),(708,355,284,'loser','2025-06-13 10:00:46','2025-06-13 10:00:46'),(709,345,280,'winner','2025-06-13 13:27:40','2025-06-13 13:27:40'),(710,346,280,'winner','2025-06-13 13:27:40','2025-06-13 13:27:40'),(711,347,280,'winner','2025-06-13 13:27:40','2025-06-13 13:27:40'),(712,348,280,'winner','2025-06-13 13:27:40','2025-06-13 13:27:40'),(713,356,54,'winner','2025-06-13 16:11:40','2025-06-13 16:11:40'),(714,356,5,'loser','2025-06-13 16:11:40','2025-06-13 16:11:40');
/*!40000 ALTER TABLE `match_players` ENABLE KEYS */;
UNLOCK TABLES;

--
-- Table structure for table `migrations`
--

DROP TABLE IF EXISTS `migrations`;
/*!40101 SET @saved_cs_client     = @@character_set_client */;
/*!50503 SET character_set_client = utf8mb4 */;
CREATE TABLE `migrations` (
  `id` int unsigned NOT NULL AUTO_INCREMENT,
  `migration` varchar(255) COLLATE utf8mb4_unicode_ci NOT NULL,
  `batch` int NOT NULL,
  PRIMARY KEY (`id`)
) ENGINE=InnoDB AUTO_INCREMENT=11 DEFAULT CHARSET=utf8mb4 COLLATE=utf8mb4_unicode_ci;
/*!40101 SET character_set_client = @saved_cs_client */;

--
-- Dumping data for table `migrations`
--

LOCK TABLES `migrations` WRITE;
/*!40000 ALTER TABLE `migrations` DISABLE KEYS */;
INSERT INTO `migrations` VALUES (1,'2025_03_19_135044_create_courts_table',1),(2,'2025_03_21_143654_create_leagues_table',2),(3,'0001_01_01_000000_create_users_table',3),(4,'0001_01_01_000001_create_cache_table',3),(5,'0001_01_01_000002_create_jobs_table',3),(6,'2025_02_21_154619_create_players_table',3),(7,'2025_02_21_154839_create_tenis_matches_table',3),(8,'2025_04_08_171625_create_match_players_table',3),(9,'2025_05_27_105344_update_players_with_categories',3),(10,'2025_05_29_091726_update_leagues',3);
/*!40000 ALTER TABLE `migrations` ENABLE KEYS */;
UNLOCK TABLES;

--
-- Table structure for table `password_reset_tokens`
--

DROP TABLE IF EXISTS `password_reset_tokens`;
/*!40101 SET @saved_cs_client     = @@character_set_client */;
/*!50503 SET character_set_client = utf8mb4 */;
CREATE TABLE `password_reset_tokens` (
  `email` varchar(255) COLLATE utf8mb4_unicode_ci NOT NULL,
  `token` varchar(255) COLLATE utf8mb4_unicode_ci NOT NULL,
  `created_at` timestamp NULL DEFAULT NULL,
  PRIMARY KEY (`email`)
) ENGINE=InnoDB DEFAULT CHARSET=utf8mb4 COLLATE=utf8mb4_unicode_ci;
/*!40101 SET character_set_client = @saved_cs_client */;

--
-- Dumping data for table `password_reset_tokens`
--

LOCK TABLES `password_reset_tokens` WRITE;
/*!40000 ALTER TABLE `password_reset_tokens` DISABLE KEYS */;
/*!40000 ALTER TABLE `password_reset_tokens` ENABLE KEYS */;
UNLOCK TABLES;

--
-- Table structure for table `players`
--

DROP TABLE IF EXISTS `players`;
/*!40101 SET @saved_cs_client     = @@character_set_client */;
/*!50503 SET character_set_client = utf8mb4 */;
CREATE TABLE `players` (
  `id` bigint unsigned NOT NULL AUTO_INCREMENT,
  `first_name` varchar(255) COLLATE utf8mb4_unicode_ci NOT NULL,
  `points` int NOT NULL DEFAULT '0',
  `last_name` varchar(255) COLLATE utf8mb4_unicode_ci NOT NULL,
  `category` varchar(255) COLLATE utf8mb4_unicode_ci NOT NULL DEFAULT '?',
  `uri` varchar(255) COLLATE utf8mb4_unicode_ci NOT NULL,
  `club` varchar(255) COLLATE utf8mb4_unicode_ci DEFAULT NULL,
  `location` varchar(255) COLLATE utf8mb4_unicode_ci DEFAULT NULL,
  `rank` int DEFAULT NULL,
  `created_at` timestamp NULL DEFAULT NULL,
  `updated_at` timestamp NULL DEFAULT NULL,
  PRIMARY KEY (`id`),
  UNIQUE KEY `players_uri_unique` (`uri`)
) ENGINE=InnoDB AUTO_INCREMENT=288 DEFAULT CHARSET=utf8mb4 COLLATE=utf8mb4_unicode_ci;
/*!40101 SET character_set_client = @saved_cs_client */;

--
-- Dumping data for table `players`
--

LOCK TABLES `players` WRITE;
/*!40000 ALTER TABLE `players` DISABLE KEYS */;
INSERT INTO `players` VALUES (1,'Srđan',5045,'Jovanović','4','srdjan-jovanovic','Premium Tenis','Beograd',1,'2025-05-31 17:02:45','2025-06-13 13:31:57'),(2,'Boris',5041,'Vuković','4','boris-vukovic','','Beograd',2,'2025-05-31 17:02:45','2025-06-13 13:31:57'),(3,'Ivan',1769,'Marjanović','5','ivan-marjanovic',NULL,'Beograd',5,'2025-05-31 17:02:45','2025-06-13 13:31:41'),(4,'Spasoje',1092,'Matijević','3','spasoje-matijevic','','Beograd',8,'2025-05-31 17:02:45','2025-06-13 13:31:44'),(5,'Vasilije',648,'Kosić','3','vasilije-kosic','','Beograd',19,'2025-05-31 17:02:45','2025-06-13 16:11:40'),(6,'Branimir',214,'Vilimonović','?','branimir-vilimonovic','','Vrnjačka Banja',119,'2025-05-31 17:02:45','2025-06-13 16:11:40'),(7,'Sloba',261,'Negić','3','sloba-negic','','Beograd',92,'2025-05-31 17:02:45','2025-06-13 16:11:40'),(8,'Manuel',208,'Verdi','3','manuel-verdi','','Beograd',124,'2025-05-31 17:02:45','2025-06-13 16:11:40'),(9,'Darko',108,'Spasojević','?','darko-spasojevic','','Vrnjačka  Banja',168,'2025-05-31 17:02:45','2025-06-13 13:31:57'),(10,'Aleksandar',53,'Milošević','3','aleksandar-milosevic','','Beograd',237,'2025-05-31 17:02:45','2025-06-13 13:31:58'),(11,'Aleksa',2841,'Perišić','3','aleksa-perisic','','Beograd',4,'2025-05-31 17:02:45','2025-06-13 13:31:39'),(12,'Jay',262,'Fayed','3','jay-fayed','','Beograd',91,'2025-05-31 17:02:45','2025-06-13 16:11:40'),(13,'Nikola',4550,'Tošić','3','nikola-tosic',NULL,'Beograd',3,'2025-05-31 17:02:45','2025-06-13 13:31:44'),(14,'Teodora',196,'Šušnjević','1','teodora-susnjevic',NULL,'Beograd',127,'2025-05-31 17:02:45','2025-06-13 16:11:40'),(15,'Aleksej',204,'Petrovič','1','aleksej-petrovic',NULL,'Beograd',126,'2025-05-31 17:02:45','2025-06-13 16:11:40'),(16,'Dušan',164,'Đurađ','?','dusan-djuradj',NULL,'Beograd',154,'2025-05-31 17:02:45','2025-06-13 13:31:57'),(17,'Andrija',181,'Mašović','?','andrija-masovic',NULL,'Beograd',147,'2025-05-31 17:02:45','2025-06-13 16:11:40'),(18,'Predrag',141,'Jočić','3','predrag-jocic',NULL,'Beograd',156,'2025-05-31 17:02:45','2025-06-13 13:31:57'),(21,'Sanjin',386,'Milinković','3','sanjin-milinkovic',NULL,'Beograd',61,'2025-05-31 17:02:45','2025-06-13 13:31:35'),(22,'Mateja',271,'Manić','3','mateja-manic',NULL,'Beograd',85,'2025-05-31 17:02:45','2025-06-13 16:11:40'),(23,'Rade',70,'Cvetković','3','rade-cvetkovic',NULL,'Beograd',204,'2025-05-31 17:02:45','2025-06-13 13:31:58'),(24,'Milan',342,'Radoš','3','milan-rados',NULL,'Beograd',66,'2025-05-31 17:02:45','2025-06-13 16:11:40'),(25,'Andrej',153,'Žiberna','?','andrej-ziberna',NULL,'Beograd',155,'2025-05-31 17:02:45','2025-06-13 13:31:57'),(26,'Igor',39,'Zadravec','?','igor-zadravec',NULL,'Beograd',255,'2025-05-31 17:02:45','2025-06-13 13:31:58'),(27,'Dimitrije',75,'Stojanović','?','dimitrije-stojanovic',NULL,'Beograd',194,'2025-05-31 17:02:45','2025-06-13 13:31:58'),(28,'Miloš',195,'Mrvić','2','milos-mrvic',NULL,'Beograd',128,'2025-05-31 17:02:45','2025-06-13 16:11:40'),(29,'Nikita',22,'Borgolov','1','nikita-borgolov',NULL,'Beograd',276,'2025-05-31 17:02:45','2025-06-13 13:31:58'),(30,'Luka',264,'Grgurević','?','luka-grgurevic',NULL,'Beograd',90,'2025-05-31 17:02:45','2025-06-13 16:11:40'),(31,'Lazar',139,'Pajić','?','lazar-pajic',NULL,'Beograd',162,'2025-05-31 17:02:45','2025-06-13 13:31:57'),(34,'Danilo',251,'Tehlirian','3','danilo-tehlirian',NULL,'Beograd',96,'2025-05-31 17:02:45','2025-06-13 16:11:40'),(35,'Blagoje',47,'Ćurić','?','blagoje-curic',NULL,'Beograd',244,'2025-05-31 17:02:45','2025-06-13 13:31:58'),(37,'Andrea',291,'Toniolo','5','andrea-toniolo',NULL,'Italija',76,'2025-05-31 17:02:45','2025-06-13 16:11:40'),(38,'Dragan',189,'Ristanović','3','dragan-ristanovic',NULL,'Beograd',146,'2025-05-31 17:02:45','2025-06-13 16:11:40'),(39,'Miloš',173,'Vujović','2','milos-vujovic',NULL,'Beograd',151,'2025-05-31 17:02:45','2025-06-13 13:31:57'),(40,'Milutin',74,'Sinđelić','2','milutin-sindjelic',NULL,'Beograd',195,'2025-05-31 17:02:45','2025-06-13 13:31:58'),(41,'Dimitrii',165,'Vinogradov','4','dimitrii-vinogradov',NULL,'Rusija',153,'2025-05-31 17:02:45','2025-06-13 13:31:57'),(42,'Irena',191,'Lukić','1','irena-lukic',NULL,'Beograd',129,'2025-05-31 17:02:45','2025-06-13 16:11:40'),(43,'Dragana',247,'Svrkota','3','dragana-svrkota',NULL,'Beograd',98,'2025-05-31 17:02:45','2025-06-13 16:11:40'),(44,'Jovana',415,'Grumić','3','jovana-grumic',NULL,'Beograd',58,'2025-05-31 17:02:45','2025-06-13 13:31:57'),(45,'Rade',35,'Mrđa','?','rade-mrdja',NULL,'Beograd',261,'2025-05-31 17:02:45','2025-06-13 13:31:58'),(46,'Zoran',103,'Radoš','3','zoran-rados',NULL,'Beograd',169,'2025-05-31 17:02:45','2025-06-13 13:31:57'),(47,'Aleksandar',425,'Miletić','3','aleksandar-miletic',NULL,'Beograd',54,'2025-05-31 17:02:45','2025-06-13 13:31:57'),(48,'Κωνσταντίνος',56,'Δίπλας','3','Κωνσταντίνος-Δίπλας',NULL,'Grčka',235,'2025-05-31 17:02:45','2025-06-13 13:31:58'),(49,'Andrija',178,'Derežić','3','andrija-derezic',NULL,'Hrvatska',150,'2025-05-31 17:02:45','2025-06-13 13:31:57'),(50,'Miloš',37,'Lazić','2','milos-lazic',NULL,'Beograd',260,'2025-05-31 17:02:45','2025-06-13 13:31:32'),(51,'Luka',207,'Stanojević','?','luka-stanojevic',NULL,'Vrnjačka Banja',125,'2025-05-31 17:02:45','2025-06-13 16:11:40'),(52,'Srđan',43,'Pavlović','?','srdjan-pavlovic',NULL,'Vrnjačka Banja',254,'2025-05-31 17:02:45','2025-06-13 13:31:58'),(53,'Marko',140,'Jović','3','marko-jovic',NULL,'Beograd',159,'2025-05-31 17:02:45','2025-06-13 13:31:57'),(54,'Aleksandar',360,'Dimitrov','3','aleksandar-dimitrov',NULL,'Beograd',64,'2025-05-31 17:02:45','2025-06-13 16:11:40'),(55,'Vladimir',180,'Živojinović','3','vladimir-zivojinovic',NULL,'Beograd',148,'2025-05-31 17:02:45','2025-06-13 13:31:57'),(56,'Ljubica',280,'Stošković','1','ljubica-stoskovic',NULL,'Beograd',79,'2025-05-31 17:02:45','2025-06-13 16:11:40'),(57,'Ivan',190,'Lekić','6','ivan-lekic',NULL,NULL,130,'2025-05-31 17:02:45','2025-06-13 16:11:40'),(58,'Slobodan',180,'Vujinović','4','slobodan-vujinovic',NULL,NULL,149,'2025-05-31 17:02:45','2025-06-13 13:31:57'),(59,'Goran',190,'Pavlović','3','goran-pavlovic',NULL,'Beograd',131,'2025-05-31 17:02:45','2025-06-13 16:11:40'),(60,'Goran',317,'Teranović','4','goran-teranovic',NULL,NULL,69,'2025-05-31 17:02:45','2025-06-13 16:11:40'),(61,'Goran',190,'Vujanović','3','goran-vujanovic',NULL,'Beograd',132,'2025-05-31 17:02:45','2025-06-13 16:11:40'),(62,'Andreja',220,'Kuburović','3','andreja-kuburovic',NULL,NULL,107,'2025-05-31 17:02:45','2025-06-13 16:11:40'),(63,'Stevan',371,'Ćirić','3','stevan-ciric',NULL,NULL,63,'2025-05-31 17:02:45','2025-06-13 13:31:44'),(64,'Veljko',490,'Glišović','4','veljko-glisovic',NULL,'Kragujevac',36,'2025-05-31 17:02:45','2025-06-13 13:31:57'),(65,'Filip',141,'Perović','3','filip-perovic',NULL,'Kragujevac',157,'2025-05-31 17:02:45','2025-06-13 13:31:57'),(66,'Pavle',1068,'Pavlović','7','pavle-pavlovic',NULL,NULL,9,'2025-05-31 17:02:45','2025-06-13 13:31:57'),(67,'Mira',455,'Dimić','4','mira-dimic',NULL,'Beograd',40,'2025-06-01 12:18:44','2025-06-13 13:31:57'),(68,'Danilo',95,'Vujasinović','?','danilo-vujasinovic',NULL,NULL,174,'2025-06-01 16:38:45','2025-06-13 13:31:58'),(69,'Dušan',273,'Tatović','4','dusan-tatovic',NULL,'Kragujevac',84,'2025-06-02 05:28:19','2025-06-13 16:11:40'),(70,'Bogdan',60,'Jovanović','3','bogdan-jovanovic',NULL,'Kragujevac',221,'2025-06-02 05:28:20','2025-06-13 13:31:58'),(71,'Martina',375,'Vranješ','1','martina-vranjes',NULL,'Beograd',62,'2025-06-02 12:31:17','2025-06-13 13:31:37'),(72,'Nemanja',308,'Đaković','?','nemanja-djakovic',NULL,NULL,71,'2025-06-02 19:37:27','2025-06-13 16:11:40'),(73,'Aleksa',53,'Vojinović','?','aleksa-vojinovic',NULL,NULL,238,'2025-06-02 19:37:27','2025-06-13 13:31:58'),(74,'Luka',294,'Vlahović','6','luka-vlahovic',NULL,NULL,74,'2025-06-03 08:22:58','2025-06-13 16:11:40'),(75,'Andreja',74,'Šebek','?','andreja-sebek',NULL,NULL,196,'2025-06-03 08:22:58','2025-06-13 13:31:58'),(76,'Nemanja',220,'Srećković','4','nemanja-sreckovic',NULL,'Beograd',108,'2025-06-03 15:21:51','2025-06-13 16:11:40'),(77,'Aleksa',25,'Pešić','?','aleksa-pesic',NULL,NULL,270,'2025-06-03 15:21:51','2025-06-13 13:31:58'),(78,'Vladica',140,'Stojanović','1','vladica-stojanovic',NULL,'Prokuplje',160,'2025-06-03 15:50:25','2025-06-13 13:31:57'),(79,'Uroš',450,'Savić','6','uros-savic',NULL,NULL,42,'2025-06-03 19:01:53','2025-06-13 13:31:57'),(80,'Uroš',440,'Aleksijević','?','uros-aleksijevic',NULL,NULL,46,'2025-06-05 07:48:12','2025-06-13 13:31:57'),(81,'Andreja',46,'Popović','?','andreja-popovic',NULL,NULL,245,'2025-06-05 07:48:12','2025-06-13 13:31:58'),(82,'Lazar',230,'Stojanović','?','lazar-stojanovic',NULL,NULL,104,'2025-06-05 19:00:16','2025-06-13 16:11:40'),(83,'Aljoša',81,'Šećić','?','aljosa-secic',NULL,NULL,185,'2025-06-05 19:00:16','2025-06-13 13:31:58'),(84,'Goran',570,'Vasiljević','?','goran-vasiljevic',NULL,NULL,26,'2025-06-06 12:03:09','2025-06-13 13:31:57'),(85,'Milorad',32,'Marčetić','?','milorad-marcetic',NULL,NULL,262,'2025-06-06 12:03:09','2025-06-13 13:31:58'),(86,'Bojan',296,'Zarić','?','bojan-zaric',NULL,NULL,73,'2025-06-06 12:03:09','2025-06-13 16:11:40'),(87,'Sloba',32,'Vujović','?','sloba-vujovic',NULL,NULL,263,'2025-06-06 12:03:09','2025-06-13 13:31:58'),(88,'Željko',544,'Trbojević','6','zeljko-trbojevic',NULL,NULL,29,'2025-06-06 12:03:09','2025-06-13 13:31:57'),(89,'Ljuba',74,'Đurđević','?','ljuba-djurdjevic',NULL,NULL,197,'2025-06-06 12:03:09','2025-06-13 13:31:58'),(90,'Božidar',25,'Nesvanulica','?','bozidar-nesvanulica',NULL,NULL,271,'2025-06-06 12:03:09','2025-06-13 13:31:58'),(91,'Dušan',412,'Reljić','?','dusan-reljic',NULL,NULL,59,'2025-06-06 12:03:10','2025-06-13 13:31:38'),(92,'Nik',39,'Lukin','?','ivik-lukin',NULL,NULL,256,'2025-06-06 12:03:10','2025-06-13 13:31:58'),(93,'Dejan',243,'Jevtić','?','dejan-jevtic',NULL,NULL,99,'2025-06-06 12:03:10','2025-06-13 16:11:40'),(94,'Srđan',67,'Gulić','?','srdjan-gulic',NULL,NULL,206,'2025-06-06 12:03:10','2025-06-13 13:31:58'),(95,'Branislav',215,'Bugarski','?','branislav-bugarski',NULL,NULL,117,'2025-06-06 12:03:11','2025-06-13 16:11:40'),(96,'Nemanja',74,'Kokotović','?','nemanja-volotovic',NULL,NULL,198,'2025-06-06 12:03:11','2025-06-13 13:31:58'),(97,'Nemanja',570,'Medić','?','nemanja-medic',NULL,NULL,27,'2025-06-06 12:03:11','2025-06-13 13:31:57'),(98,'Robert',46,'Sabo','?','robert-sabo',NULL,NULL,246,'2025-06-06 12:03:11','2025-06-13 13:31:58'),(99,'Arsa',215,'Pejić','?','arsa-pejic',NULL,NULL,118,'2025-06-06 12:03:12','2025-06-13 16:11:40'),(100,'Igor',81,'Erhatić','?','igor-erhatic',NULL,NULL,186,'2025-06-06 12:03:12','2025-06-13 13:31:58'),(101,'Dragan',257,'Jockov','?','dragan-jockov',NULL,NULL,93,'2025-06-06 12:03:12','2025-06-13 16:11:40'),(102,'Srđan',46,'Kanački','?','srdjan-kanacki',NULL,NULL,247,'2025-06-06 12:03:12','2025-06-13 13:31:58'),(103,'Mladen',760,'Mladenović','?','mladen-mladenovic',NULL,NULL,14,'2025-06-06 12:03:12','2025-06-13 13:31:57'),(104,'Miša',53,'Pejić','?','misa-pejic',NULL,NULL,239,'2025-06-06 12:03:12','2025-06-13 13:31:58'),(105,'Bojan',222,'Batinić','?','bojan-batinic',NULL,NULL,106,'2025-06-06 12:03:12','2025-06-13 16:11:40'),(106,'Mladen',53,'Maksimović','?','mladen-maksimovic',NULL,NULL,240,'2025-06-06 12:03:12','2025-06-13 13:31:58'),(107,'Petar',271,'Obučina','?','petar-obucina',NULL,NULL,86,'2025-06-06 12:03:13','2025-06-13 16:11:40'),(108,'Danilo',81,'Jakšić','?','danilo-jaksic',NULL,NULL,187,'2025-06-06 12:03:13','2025-06-13 13:31:58'),(109,'Zvezdan',440,'Aleksić','?','zvezdan-aleksic',NULL,NULL,47,'2025-06-06 12:03:13','2025-06-13 13:31:57'),(110,'Branislav',169,'Šikman','?','branislav-sikman',NULL,'Novi Sad',152,'2025-06-06 12:03:13','2025-06-13 13:31:57'),(111,'Nebojša',454,'Marjanović','?','nebojsa-marjanovic',NULL,NULL,41,'2025-06-06 12:03:13','2025-06-13 13:31:57'),(112,'Gojko',257,'Kačar','?','gojko-kacar',NULL,NULL,94,'2025-06-06 12:03:13','2025-06-13 16:11:40'),(113,'Dalibor',461,'Čutura','?','dalibor-cutura',NULL,NULL,38,'2025-06-06 12:03:15','2025-06-13 13:31:57'),(114,'Dule',46,'Rangelov','?','dule-rangelov',NULL,NULL,248,'2025-06-06 12:03:15','2025-06-13 13:31:58'),(115,'Vlada',236,'Tanasić','?','vlada-tanasic',NULL,NULL,100,'2025-06-06 12:03:15','2025-06-13 16:11:40'),(116,'Dalibor',96,'Pavicić','?','dalibor-pavicic',NULL,NULL,173,'2025-06-06 12:03:15','2025-06-13 13:31:58'),(117,'Borislav',236,'Bugarski','?','borislav-bugarski',NULL,NULL,101,'2025-06-06 12:03:15','2025-06-13 16:11:40'),(118,'Damir',25,'Tatalović','?','damir-tatalovic',NULL,NULL,272,'2025-06-06 12:03:15','2025-06-13 13:31:58'),(119,'Janoš',60,'Sabo','?','janos-sabo',NULL,NULL,222,'2025-06-06 12:03:15','2025-06-13 13:31:58'),(120,'Boris',978,'Sarić','6','boris-saric',NULL,NULL,10,'2025-06-06 12:03:16','2025-06-13 13:31:57'),(121,'Ilija',46,'Peulić','?','ilija-peulic',NULL,NULL,249,'2025-06-06 12:03:16','2025-06-13 13:31:58'),(122,'Živko',728,'Čurčić','6','zivko-curcic',NULL,NULL,15,'2025-06-09 11:24:21','2025-06-13 13:31:57'),(123,'Ivan',627,'Petrušić','6','ivan-petrusic',NULL,NULL,21,'2025-06-09 11:24:21','2025-06-13 16:11:40'),(124,'Miodrag',284,'Tatić','6','miodrag-tatic',NULL,NULL,78,'2025-06-09 11:24:21','2025-06-13 16:11:40'),(125,'Vladimir',418,'Brnić','?','vladimir-brnic',NULL,NULL,56,'2025-06-09 11:24:22','2025-06-13 13:31:57'),(126,'Srđan',416,'Eremić','6','srdjan-eremic',NULL,NULL,57,'2025-06-09 11:24:23','2025-06-13 13:31:57'),(127,'Igor',495,'Sremčević','?','igor-sremcevic',NULL,NULL,34,'2025-06-09 11:24:23','2025-06-13 13:31:57'),(128,'Željko',530,'Šermić','6','zeljko-sermic',NULL,NULL,30,'2025-06-09 11:24:23','2025-06-13 13:31:57'),(129,'Eči',70,'Tot','?','eci-tot',NULL,NULL,205,'2025-06-09 11:24:23','2025-06-13 13:31:58'),(130,'Chang',140,'Chang','?','chang-chang',NULL,NULL,161,'2025-06-09 11:30:33','2025-06-13 13:31:57'),(131,'Dragan',581,'Drinić','6','dragan-drinic',NULL,NULL,25,'2025-06-09 11:30:34','2025-06-13 13:31:57'),(132,'Slaviša',83,'Dobožanov','?','slavisa-dobozanov',NULL,NULL,184,'2025-06-09 11:30:34','2025-06-13 13:31:58'),(133,'Rudolf',271,'Almaši','?','rudolf-almasi',NULL,NULL,87,'2025-06-09 11:30:35','2025-06-13 16:11:40'),(134,'Kelemen',57,'Imre','?','kelemen-imre',NULL,NULL,234,'2025-06-09 11:30:35','2025-06-13 13:31:58'),(135,'Borislav',548,'Vujin','6','borislav-vujin',NULL,NULL,28,'2025-06-09 11:30:35','2025-06-13 13:31:57'),(136,'Milisav',1110,'Pavlović','6','milisav-pavlovic',NULL,NULL,7,'2025-06-09 11:30:35','2025-06-13 13:31:57'),(137,'Todorika',265,'Omc','?','todorika-omc',NULL,NULL,89,'2025-06-09 11:30:35','2025-06-13 16:11:40'),(138,'Dragan',641,'Gligorić','6','dragan-gligoric',NULL,NULL,20,'2025-06-09 11:30:35','2025-06-13 16:11:40'),(139,'Srećko',269,'Borović','6','srecko-borovic',NULL,NULL,88,'2025-06-09 11:30:37','2025-06-13 16:11:40'),(140,'Darko',347,'Strižak','?','darko-strizak',NULL,NULL,65,'2025-06-09 11:30:37','2025-06-13 16:11:40'),(141,'Dragiša',435,'Lazarević','6','dragisa-lazarevic',NULL,NULL,51,'2025-06-09 11:30:38','2025-06-13 13:31:57'),(142,'Dušan',103,'Ninković','?','dusan-ninkovic',NULL,NULL,170,'2025-06-09 11:30:38','2025-06-13 13:31:58'),(143,'Boris',279,'Ždinjak','?','boris-zdinjak',NULL,NULL,83,'2025-06-09 11:30:55','2025-06-13 16:11:40'),(144,'Saša',448,'Branković','6','sasa-brankovic',NULL,NULL,45,'2025-06-09 11:30:56','2025-06-13 13:31:57'),(145,'Saša',60,'Vidić','?','sasa-vidic',NULL,NULL,223,'2025-06-09 11:30:56','2025-06-13 13:31:58'),(146,'Duško',591,'Petković','6','dusko-petkovic',NULL,NULL,23,'2025-06-09 11:30:56','2025-06-13 16:11:40'),(147,'Miloš',73,'Jeremić','?','milos-jeremic',NULL,NULL,203,'2025-06-09 11:30:56','2025-06-13 13:31:58'),(148,'Miloš',1751,'Jocić','6','milos-jocic',NULL,NULL,6,'2025-06-09 11:30:57','2025-06-13 13:31:42'),(149,'Danijel',48,'Vojinović','?','danijel-vojinovic',NULL,NULL,243,'2025-06-09 11:30:57','2025-06-13 13:31:58'),(150,'Peđa',467,'Malešević','?','pedja-malesevic',NULL,NULL,37,'2025-06-09 11:30:59','2025-06-13 13:31:57'),(151,'Sima',66,'Vidojević','?','sima-vidojevic',NULL,NULL,217,'2025-06-09 11:30:59','2025-06-13 13:31:58'),(152,'Bojan',79,'Ilić','?','bojan-ilic',NULL,NULL,193,'2025-06-09 11:31:00','2025-06-13 13:31:58'),(153,'Milan',319,'Jovelić','?','milan-jovelic',NULL,NULL,68,'2025-06-09 11:31:00','2025-06-13 16:11:40'),(154,'Željko',248,'Tomić','?','zeljko-tomic',NULL,NULL,97,'2025-06-09 11:31:01','2025-06-13 16:11:40'),(155,'Dragiša',591,'Maksimović','6','dragisa-maksimovic',NULL,NULL,24,'2025-06-09 11:31:02','2025-06-13 16:11:40'),(156,'Dejan',706,'Ninković','6','dejan-ninkovic',NULL,NULL,16,'2025-06-09 11:31:02','2025-06-13 13:31:57'),(157,'Ljuba',66,'Stanivuković','?','ljuba-stanivukovic',NULL,NULL,218,'2025-06-09 11:31:05','2025-06-13 13:31:58'),(158,'Dragiša',501,'Vuletić','6','dragisa-vuletic',NULL,NULL,32,'2025-06-09 11:31:05','2025-06-13 13:31:57'),(159,'Mladen',421,'Božović','6','mladen-bozovic',NULL,NULL,55,'2025-06-09 11:31:07','2025-06-13 13:31:57'),(160,'Ljuba',66,'Luković','?','ljuba-lukovic',NULL,NULL,219,'2025-06-09 11:31:07','2025-06-13 13:31:58'),(161,'Mile',54,'Perović','?','mile-perovic',NULL,NULL,236,'2025-06-09 11:31:07','2025-06-13 13:31:58'),(162,'Ivan',403,'Iličić','6','ivan-ilicic',NULL,NULL,60,'2025-06-09 11:31:08','2025-06-13 13:31:41'),(163,'Žarko',66,'Trošić','?','zarko-trosic',NULL,NULL,220,'2025-06-09 11:31:08','2025-06-13 13:31:58'),(164,'Saša',74,'Mirkov','?','sasa-mirkov',NULL,NULL,199,'2025-06-09 11:31:18','2025-06-13 13:31:58'),(165,'Bogdan',460,'Pavlović','6','bogdan-pavlovic',NULL,NULL,39,'2025-06-09 11:31:18','2025-06-13 13:31:57'),(166,'Anonymous',74,'Tatalović','?','anonymous-tatalovic',NULL,NULL,200,'2025-06-09 11:35:21','2025-06-13 13:31:58'),(167,'Vinko',440,'Burnać','6','vinko-burnac',NULL,NULL,48,'2025-06-09 11:35:21','2025-06-13 13:31:57'),(168,'Miodrag',697,'Živanović','?','miodrag-zivanovic',NULL,NULL,17,'2025-06-09 11:35:22','2025-06-13 13:31:57'),(169,'Miroslav',900,'Dišić','6','miroslav-disic',NULL,NULL,13,'2025-06-09 11:35:24','2025-06-13 13:31:57'),(170,'Jovan',88,'Radujkov','?','jovan-radujkov',NULL,NULL,179,'2025-06-09 11:35:24','2025-06-13 13:31:58'),(171,'Petar',74,'Nikolić','?','petar-nikolic',NULL,NULL,201,'2025-06-09 11:35:25','2025-06-13 13:31:58'),(172,'Miloš',927,'Vujanić','6','milos-vujanic',NULL,NULL,12,'2025-06-09 11:35:26','2025-06-13 13:31:42'),(173,'Miloš',440,'Jandrić','?','milos-jandric',NULL,NULL,49,'2025-06-09 11:35:27','2025-06-13 13:31:57'),(174,'Aleksa',67,'Krnjetin','?','aleksa-krnjetin',NULL,NULL,207,'2025-06-09 11:35:27','2025-06-13 13:31:58'),(175,'Milorad',67,'Marjanović','?','milorad-marjanovic',NULL,NULL,208,'2025-06-09 11:35:45','2025-06-13 13:31:58'),(176,'Žarko',141,'Stanimirović','?','zarko-stanimirovic',NULL,NULL,158,'2025-06-09 11:35:45','2025-06-13 13:31:57'),(177,'Mile',280,'Milošević','?','mile-milosevic',NULL,NULL,80,'2025-06-09 11:35:46','2025-06-13 16:11:40'),(178,'Vlastimir',81,'Stojić','?','vlastimir-stojic',NULL,NULL,188,'2025-06-09 11:35:46','2025-06-13 13:31:58'),(179,'Mladen',650,'Milošević','6','mladen-milosevic',NULL,NULL,18,'2025-06-09 11:35:46','2025-06-13 13:31:57'),(180,'Adam',95,'Ivić','?','adam-ivic',NULL,NULL,175,'2025-06-09 11:35:46','2025-06-13 13:31:58'),(181,'Dimitrije',280,'Živković','?','dimitrije-zivkovic',NULL,NULL,81,'2025-06-09 11:35:48','2025-06-13 16:11:40'),(182,'Rade',60,'Božić','?','rade-bozic',NULL,NULL,224,'2025-06-09 11:35:49','2025-06-13 13:31:58'),(183,'Nikola',67,'Ivanović','?','nikola-ivanovic',NULL,NULL,209,'2025-06-09 11:35:50','2025-06-13 13:31:58'),(184,'Siniša',109,'Stanojević','?','sinisa-stanojevic',NULL,NULL,165,'2025-06-09 11:35:51','2025-06-13 13:31:57'),(185,'Predrag',88,'Malešević','?','predrag-malesevic',NULL,NULL,180,'2025-06-09 11:35:51','2025-06-13 13:31:58'),(186,'Darko',294,'Mandić','?','darko-mandic',NULL,NULL,75,'2025-06-09 11:35:52','2025-06-13 16:11:40'),(187,'Mića',60,'Lazić','?','mica-lazic',NULL,NULL,225,'2025-06-09 11:35:52','2025-06-13 13:31:58'),(188,'Nenad',280,'Tucakov','?','nenad-tucakov',NULL,NULL,82,'2025-06-09 11:35:54','2025-06-13 16:11:40'),(189,'Zoran',102,'Gluščević','?','zoran-gluscevic',NULL,NULL,171,'2025-06-09 11:35:56','2025-06-13 13:31:58'),(190,'Dušan',308,'Mauković','6','dusan-maukovic',NULL,NULL,72,'2025-06-09 11:35:57','2025-06-13 16:11:40'),(191,'Djordje',81,'Rašić','?','djordje-rasic',NULL,NULL,189,'2025-06-09 11:35:57','2025-06-13 13:31:58'),(192,'Gordan',500,'Džodžo','6','gordan-dzodzo',NULL,NULL,33,'2025-06-09 11:36:10','2025-06-13 13:31:57'),(193,'Philip',25,'Weinstock','?','philip-weinstock',NULL,NULL,273,'2025-06-09 11:36:10','2025-06-13 13:31:58'),(194,'Aca',450,'Kujundžić','?','aca-kujundzic',NULL,NULL,43,'2025-06-09 11:36:10','2025-06-13 13:31:57'),(195,'Kosta',39,'Nikasinović','?','kosta-nikasinovic',NULL,NULL,257,'2025-06-09 11:36:10','2025-06-13 13:31:58'),(196,'Ljupko',95,'Kijtanac','?','ljupko-kijtanac',NULL,NULL,176,'2025-06-09 11:36:10','2025-06-13 13:31:58'),(197,'Boban',81,'Manojlović','?','boban-manojlovic',NULL,NULL,190,'2025-06-09 11:36:11','2025-06-13 13:31:58'),(198,'Atilla',210,'Barta','?','atilla-barta',NULL,NULL,120,'2025-06-09 11:36:11','2025-06-13 16:11:40'),(199,'Nenad',95,'Mitrovich','?','nenad-mitrovich',NULL,NULL,177,'2025-06-09 11:36:11','2025-06-13 13:31:58'),(200,'Istvan',88,'Varga','?','istvan-varga',NULL,NULL,181,'2025-06-09 11:36:12','2025-06-13 13:31:58'),(201,'Slavko',440,'Stefanović','6','slavko-stefanovic',NULL,NULL,50,'2025-06-09 11:36:12','2025-06-13 13:31:57'),(202,'Dragan',256,'Atanackov','6','dragan-atanackov',NULL,NULL,95,'2025-06-09 11:36:12','2025-06-13 16:11:40'),(203,'Predrag',102,'Pantelić','?','predrag-pantelic',NULL,NULL,172,'2025-06-09 11:36:12','2025-06-13 13:31:58'),(204,'Siniša',220,'Đukić','?','sinisa-djukic',NULL,NULL,109,'2025-06-09 11:36:13','2025-06-13 16:11:40'),(205,'Jablan',46,'Obradović','?','jablan-obradovic',NULL,NULL,250,'2025-06-09 11:36:13','2025-06-13 13:31:58'),(206,'Dejan',220,'Skorić','?','dejan-skoric',NULL,NULL,110,'2025-06-09 11:36:13','2025-06-13 16:11:40'),(207,'Radislav',60,'Maravić','?','radislav-maravic',NULL,NULL,226,'2025-06-09 11:36:13','2025-06-13 13:31:58'),(208,'Zoran',220,'Pavlović','?','zoran-pavlovic',NULL,NULL,111,'2025-06-09 11:36:14','2025-06-13 16:11:40'),(209,'Slobodan',53,'Rezza','?','slobodan-rezza',NULL,NULL,241,'2025-06-09 11:36:14','2025-06-13 13:31:58'),(210,'Djordjević',120,'Dušan','?','djordjevic-dusan',NULL,NULL,163,'2025-06-09 11:36:14','2025-06-13 13:31:57'),(211,'Golović',32,'Milan','?','golovic-milan',NULL,NULL,264,'2025-06-09 11:36:14','2025-06-13 13:31:58'),(212,'Slobodan',430,'Rajković','6','slobodan-rajkovic',NULL,NULL,52,'2025-06-09 11:36:14','2025-06-13 13:31:57'),(213,'Oprlan',81,'Buznar','?','oprlan-buznar',NULL,NULL,191,'2025-06-09 11:36:14','2025-06-13 13:31:58'),(214,'Marko',113,'Popović','?','marko-popovic',NULL,NULL,164,'2025-06-09 11:36:15','2025-06-13 13:31:57'),(215,'Borislav',287,'Zarkov','6','borislav-zarkov',NULL,NULL,77,'2025-06-09 11:36:15','2025-06-13 16:11:40'),(216,'Dalibor',67,'Paličić','?','dalibor-palicic',NULL,NULL,210,'2025-06-09 11:36:15','2025-06-13 13:31:58'),(217,'Zoran',492,'Stegetlija','6','zoran-stegetlija',NULL,NULL,35,'2025-06-09 11:36:16','2025-06-13 13:31:57'),(219,'Vladan',450,'Joldić','?','vladan-joldic',NULL,NULL,44,'2025-06-09 11:36:16','2025-06-13 13:31:57'),(221,'Dejan',315,'Cesarević','?','dejan-cesarevic',NULL,NULL,70,'2025-06-09 11:36:17','2025-06-13 16:11:40'),(222,'Vladimir',46,'Popović','?','vladimir-popovic',NULL,NULL,251,'2025-06-09 11:36:17','2025-06-13 13:31:58'),(223,'Nenad',109,'Jovančević','?','nenad-jovancevic',NULL,NULL,166,'2025-06-09 11:36:17','2025-06-13 13:31:57'),(224,'Miloš',67,'Jakovljević','?','milos-jakovljevic',NULL,NULL,211,'2025-06-09 11:36:18','2025-06-13 13:31:58'),(225,'Goran',517,'Lonec','6','goran-lonec',NULL,NULL,31,'2025-06-09 11:36:19','2025-06-13 13:31:57'),(226,'Miljan',210,'Lakićević','?','miljan-lakicevic',NULL,NULL,121,'2025-06-09 11:36:19','2025-06-13 16:11:40'),(227,'Milica',430,'Raković','6','milica-rakovic',NULL,NULL,53,'2025-06-09 11:36:20','2025-06-13 13:31:57'),(228,'Lea',95,'Skrinjar','?','lea-skrinjar',NULL,NULL,178,'2025-06-09 11:36:20','2025-06-13 13:31:58'),(229,'Galina',220,'Prokhorskaia','?','galina-prokhorskaia',NULL,NULL,112,'2025-06-09 11:36:20','2025-06-13 16:11:40'),(230,'Mei',67,'Ha','?','mei-ha',NULL,NULL,212,'2025-06-09 11:36:20','2025-06-13 13:31:58'),(231,'Natalia',322,'Prokhorskaia','6','natalia-prokhorskaia',NULL,NULL,67,'2025-06-09 11:36:21','2025-06-13 16:11:40'),(232,'Dragana',25,'Vlasić','?','dragana-vlasic',NULL,NULL,274,'2025-06-09 11:36:21','2025-06-13 13:31:58'),(233,'Tihomir',88,'Mihajlović','?','tihomir-mihajlovic',NULL,'Pancevo',182,'2025-06-10 07:58:03','2025-06-13 13:31:58'),(234,'Ranković',190,'S.','6','rankovic-s.',NULL,NULL,133,'2025-06-10 08:06:36','2025-06-13 16:11:40'),(235,'Jevdžić',46,'S.','6','jevdzic-s.',NULL,NULL,252,'2025-06-10 08:06:36','2025-06-13 13:31:58'),(236,'Pivač',190,'G.','?','pivac-g.',NULL,NULL,134,'2025-06-10 08:07:21','2025-06-13 16:11:40'),(237,'Despot',39,'R.','?','despot-r.',NULL,NULL,258,'2025-06-10 08:07:21','2025-06-13 13:31:58'),(238,'Kovačević',190,'D.','?','kovacevic-d.',NULL,NULL,135,'2025-06-10 08:07:52','2025-06-13 16:11:40'),(239,'Bulić',32,'B.','?','bulic-b.',NULL,NULL,265,'2025-06-10 08:07:52','2025-06-13 13:31:58'),(240,'Vojvodić',190,'Z.','?','vojvodic-z.',NULL,NULL,136,'2025-06-10 08:08:26','2025-06-13 16:11:40'),(241,'Zimonjić',32,'S.','?','zimonjic-s.',NULL,NULL,266,'2025-06-10 08:08:26','2025-06-13 13:31:58'),(242,'Miletić',190,'S.','?','miletic-s.',NULL,NULL,137,'2025-06-10 08:08:51','2025-06-13 16:11:40'),(243,'Begović',60,'N.','?','begovic-n.',NULL,NULL,227,'2025-06-10 08:08:51','2025-06-13 13:31:58'),(244,'Milošević',190,'S.','?','milosevic-s.',NULL,NULL,138,'2025-06-10 08:09:29','2025-06-13 16:11:40'),(245,'Šomođil',32,'B.','?','somodjil-b.',NULL,NULL,267,'2025-06-10 08:09:29','2025-06-13 13:31:58'),(246,'Mijatović',190,'V.','?','mijatovic-v.',NULL,NULL,139,'2025-06-10 08:10:17','2025-06-13 16:11:40'),(247,'Cvetković',60,'R.','?','cvetkovic-r.',NULL,NULL,228,'2025-06-10 08:10:17','2025-06-13 13:31:58'),(248,'Brnić',190,'V.','6','brnic-v.',NULL,NULL,140,'2025-06-10 08:10:44','2025-06-13 16:11:40'),(249,'Kovačević',190,'S.','?','kovacevic-s.',NULL,NULL,141,'2025-06-10 08:11:18','2025-06-13 16:11:40'),(250,'Đumić',39,'T.','?','djumic-t.',NULL,NULL,259,'2025-06-10 08:11:18','2025-06-13 13:31:58'),(251,'Vujinović',190,'A.','?','vujinovic-a.',NULL,NULL,142,'2025-06-10 08:11:52','2025-06-13 16:11:40'),(252,'Rakčević',53,'N.','?','rakcevic-n.',NULL,NULL,242,'2025-06-10 08:11:52','2025-06-13 13:31:58'),(253,'Manojlović',190,'M.','6','manojlovic-m.',NULL,NULL,143,'2025-06-10 08:12:22','2025-06-13 16:11:40'),(254,'Radak',74,'S.','6','radak-s.',NULL,NULL,202,'2025-06-10 08:12:22','2025-06-13 13:31:58'),(255,'Pavnović',190,'G.','?','pavnovic-g.',NULL,NULL,144,'2025-06-10 08:13:18','2025-06-13 16:11:40'),(256,'Blagojević',67,'Z.','?','blagojevic-z.',NULL,NULL,213,'2025-06-10 08:13:18','2025-06-13 13:31:58'),(257,'Miloš',210,'Đukelić','?','milos-djukelic',NULL,NULL,122,'2025-06-10 08:20:41','2025-06-13 16:11:40'),(258,'Spasoje',109,'Stefanović','?','spasoje-stefanovic',NULL,NULL,167,'2025-06-10 08:20:41','2025-06-13 13:31:57'),(259,'Mladen',600,'Kekus','?','mladen-kekus',NULL,NULL,22,'2025-06-10 08:22:20','2025-06-13 16:11:40'),(260,'Mlađan',67,'Mijić','?','mladjan-mijic',NULL,NULL,214,'2025-06-10 08:22:20','2025-06-13 13:31:58'),(261,'Bojan',220,'Galitch','?','bojan-galitch',NULL,NULL,113,'2025-06-10 08:23:28','2025-06-13 16:11:40'),(262,'Dušan',60,'Ružičić','?','dusan-ruzicic',NULL,NULL,229,'2025-06-10 08:23:28','2025-06-13 13:31:58'),(263,'Slobodan',210,'Rajković','?','slobodan-rajkovic0',NULL,NULL,123,'2025-06-10 08:25:33','2025-06-13 16:11:40'),(264,'Ciprian',81,'Buzner','?','ciprian-buzner',NULL,NULL,192,'2025-06-10 08:25:33','2025-06-13 13:31:58'),(265,'Dejan',220,'Ratković','?','dejan-ratkovic',NULL,NULL,114,'2025-06-10 08:27:55','2025-06-13 16:11:40'),(266,'Nenad',46,'Inić','?','nenad-inic',NULL,NULL,253,'2025-06-10 08:27:55','2025-06-13 13:31:58'),(267,'Vladimir',230,'Vodopivec','?','vladimir-vodopivec',NULL,NULL,105,'2025-06-10 08:29:24','2025-06-13 16:11:40'),(268,'Mirko',88,'Bundalo','?','mirko-bundalo',NULL,NULL,183,'2025-06-10 08:29:24','2025-06-13 13:31:58'),(269,'Dejan',220,'Skorić','6','dejan-skoric0',NULL,NULL,115,'2025-06-10 08:45:15','2025-06-13 16:11:40'),(270,'Milan',32,'Arnovljević','?','milan-arnovljevic',NULL,'',268,'2025-06-10 10:09:43','2025-06-13 13:31:58'),(271,'Djordje',220,'Bradić','?','djordje-bradic',NULL,NULL,116,'2025-06-11 09:17:48','2025-06-13 16:11:40'),(272,'Lazar',60,'Stamenović','?','lazar-stamenovic',NULL,NULL,230,'2025-06-11 09:17:48','2025-06-13 13:31:58'),(274,'Vanja',23,'Alavanja','?','vanja-alavanja',NULL,NULL,275,'2025-06-13 08:41:42','2025-06-13 13:31:58'),(276,'Aleksandar',67,'Bošković','?','aleksandar-boskovic',NULL,NULL,215,'2025-06-13 08:43:00','2025-06-13 13:31:58'),(279,'Stefan',32,'Kangrga','?','stefan-kangrga',NULL,NULL,269,'2025-06-13 08:44:30','2025-06-13 13:31:58'),(280,'Andrija',937,'Pavičević','7','andrija-pavicevic',NULL,NULL,11,'2025-06-13 08:45:22','2025-06-13 13:31:57'),(281,'Sreten',60,'Vuković','?','sreten-vukovic',NULL,NULL,231,'2025-06-13 08:45:22','2025-06-13 13:31:58'),(282,'Dimitrije',236,'Pavlović','?','dimitrije-pavlovic',NULL,NULL,102,'2025-06-13 09:47:06','2025-06-13 16:11:40'),(283,'Andrej',67,'Milošević','?','andrej-milosevic',NULL,NULL,216,'2025-06-13 09:47:06','2025-06-13 13:31:58'),(284,'Marko',236,'Ignjatović','?','marko-ignjatovic',NULL,NULL,103,'2025-06-13 09:49:50','2025-06-13 16:11:40'),(285,'Miloš',60,'Milin','?','milos-milin',NULL,NULL,232,'2025-06-13 09:49:50','2025-06-13 13:31:58'),(286,'Marko',190,'Milin','?','marko-milin',NULL,NULL,145,'2025-06-13 09:51:43','2025-06-13 16:11:40'),(287,'Igor',60,'Vlahović','?','igor-vlahovic',NULL,NULL,233,'2025-06-13 09:51:43','2025-06-13 13:31:58');
/*!40000 ALTER TABLE `players` ENABLE KEYS */;
UNLOCK TABLES;

--
-- Table structure for table `sessions`
--

DROP TABLE IF EXISTS `sessions`;
/*!40101 SET @saved_cs_client     = @@character_set_client */;
/*!50503 SET character_set_client = utf8mb4 */;
CREATE TABLE `sessions` (
  `id` varchar(255) COLLATE utf8mb4_unicode_ci NOT NULL,
  `user_id` bigint unsigned DEFAULT NULL,
  `ip_address` varchar(45) COLLATE utf8mb4_unicode_ci DEFAULT NULL,
  `user_agent` text COLLATE utf8mb4_unicode_ci,
  `payload` longtext COLLATE utf8mb4_unicode_ci NOT NULL,
  `last_activity` int NOT NULL,
  PRIMARY KEY (`id`),
  KEY `sessions_user_id_index` (`user_id`),
  KEY `sessions_last_activity_index` (`last_activity`)
) ENGINE=InnoDB DEFAULT CHARSET=utf8mb4 COLLATE=utf8mb4_unicode_ci;
/*!40101 SET character_set_client = @saved_cs_client */;

--
-- Dumping data for table `sessions`
--

LOCK TABLES `sessions` WRITE;
/*!40000 ALTER TABLE `sessions` DISABLE KEYS */;
INSERT INTO `sessions` VALUES ('4rlK2Qj59WEEAU6zdwmnVeGuZnGjjl52BvlFEPBx',NULL,'109.245.35.249','Mozilla/5.0 (iPhone; CPU iPhone OS 18_5 like Mac OS X) AppleWebKit/605.1.15 (KHTML, like Gecko) Version/18.5 Mobile/15E148 Safari/604.1','YTozOntzOjY6Il90b2tlbiI7czo0MDoiRWhaeGh0ZWV1OTNvbWl3MnliaW1EZ2RYN0pMWWF4djdGVU9oQUlicCI7czo5OiJfcHJldmlvdXMiO2E6MTp7czozOiJ1cmwiO3M6NDE6Imh0dHBzOi8vc3Jwc2thdGVuaXNsaWdhLnJzL3Zhc2lsaWplLWtvc2ljIjt9czo2OiJfZmxhc2giO2E6Mjp7czozOiJvbGQiO2E6MDp7fXM6MzoibmV3IjthOjA6e319fQ==',1749838359),('BCFHfI6mKwh2OQIHfzNgOkxglQIT77lYSqdDFXlu',NULL,'66.249.66.196','Mozilla/5.0 (Linux; Android 6.0.1; Nexus 5X Build/MMB29P) AppleWebKit/537.36 (KHTML, like Gecko) Chrome/136.0.7103.113 Mobile Safari/537.36 (compatible; Googlebot/2.1; +http://www.google.com/bot.html)','YTozOntzOjY6Il90b2tlbiI7czo0MDoiT3BaVVZoaW9BUUZCNVhJSXZiRlF0ZEpGcVJwTGVUcDFuTnNlZHpWZCI7czo5OiJfcHJldmlvdXMiO2E6MTp7czozOiJ1cmwiO3M6NTE6Imh0dHBzOi8vd3d3LnNycHNrYXRlbmlzbGlnYS5ycy9nZXQtcGxheWVyLWNoYXJ0LzI1MiI7fXM6NjoiX2ZsYXNoIjthOjI6e3M6Mzoib2xkIjthOjA6e31zOjM6Im5ldyI7YTowOnt9fX0=',1749835053),('GnhoDsoZjfRgXEsF1fIdr5LGmca0CnlMnHnseBtK',NULL,'66.249.66.198','Mozilla/5.0 (Linux; Android 6.0.1; Nexus 5X Build/MMB29P) AppleWebKit/537.36 (KHTML, like Gecko) Chrome/136.0.7103.113 Mobile Safari/537.36 (compatible; Googlebot/2.1; +http://www.google.com/bot.html)','YTozOntzOjY6Il90b2tlbiI7czo0MDoiU2FiODM0Sm9jQWkxRFduT2pKS2drWlFNbGZ3TDVNZTJ3S0l0Y2dNVSI7czo5OiJfcHJldmlvdXMiO2E6MTp7czozOiJ1cmwiO3M6NTE6Imh0dHBzOi8vd3d3LnNycHNrYXRlbmlzbGlnYS5ycy9nZXQtcGxheWVyLWNoYXJ0LzI0OCI7fXM6NjoiX2ZsYXNoIjthOjI6e3M6Mzoib2xkIjthOjA6e31zOjM6Im5ldyI7YTowOnt9fX0=',1749833490),('l53rwaeP9qJb23bM3uNfrGSPSxs29VJ5hND0CqgA',NULL,'66.249.66.68','Mozilla/5.0 (Linux; Android 6.0.1; Nexus 5X Build/MMB29P) AppleWebKit/537.36 (KHTML, like Gecko) Chrome/136.0.7103.113 Mobile Safari/537.36 (compatible; Googlebot/2.1; +http://www.google.com/bot.html)','YTozOntzOjY6Il90b2tlbiI7czo0MDoiNnBvOG4yYmZkcE93ZlY2bkVWSjg1eG1Ea21EQVY2eWR0QzFPRkJncSI7czo5OiJfcHJldmlvdXMiO2E6MTp7czozOiJ1cmwiO3M6NDY6Imh0dHBzOi8vc3Jwc2thdGVuaXNsaWdhLnJzL2dldC1wbGF5ZXItY2hhcnQvNjUiO31zOjY6Il9mbGFzaCI7YToyOntzOjM6Im9sZCI7YTowOnt9czozOiJuZXciO2E6MDp7fX19',1749836615),('NFofNgg2addd7liG09stNLzNxKgiBOA7vJ4rJRTU',NULL,'44.248.222.127','Mozilla/5.0 (Windows NT 10.0; Win64; x64) AppleWebKit/537.36 (KHTML, like Gecko) Chrome/78.0.3904.108 Safari/537.36','YTozOntzOjY6Il90b2tlbiI7czo0MDoiMWRoTUM2NnFEV0xKcTVNNXJha3lGcTRlZndEWXZqNUhQbUlQMVUzaCI7czo5OiJfcHJldmlvdXMiO2E6MTp7czozOiJ1cmwiO3M6MjY6Imh0dHBzOi8vc3Jwc2thdGVuaXNsaWdhLnJzIjt9czo2OiJfZmxhc2giO2E6Mjp7czozOiJvbGQiO2E6MDp7fXM6MzoibmV3IjthOjA6e319fQ==',1749832595),('nH1vx7RirM0EolYZtPZ00s2WSDNpWLCoLRZsNvy0',1,'109.245.37.45','Mozilla/5.0 (Linux; Android 10; K) AppleWebKit/537.36 (KHTML, like Gecko) Chrome/137.0.0.0 Mobile Safari/537.36','YTo1OntzOjY6Il90b2tlbiI7czo0MDoieE01WXpwQzlRUGdaTHVlNTNXTXdvNjBQc1NhMVBpRm1XY3YzU1R2VCI7czo5OiJfcHJldmlvdXMiO2E6MTp7czozOiJ1cmwiO3M6Mzc6Imh0dHBzOi8vc3Jwc2thdGVuaXNsaWdhLnJzL2dldC1jb3VydHMiO31zOjY6Il9mbGFzaCI7YToyOntzOjM6Im9sZCI7YTowOnt9czozOiJuZXciO2E6MDp7fX1zOjM6InVybCI7YToxOntzOjg6ImludGVuZGVkIjtzOjMyOiJodHRwczovL3NycHNrYXRlbmlzbGlnYS5ycy9hZG1pbiI7fXM6NTA6ImxvZ2luX3dlYl81OWJhMzZhZGRjMmIyZjk0MDE1ODBmMDE0YzdmNThlYTRlMzA5ODlkIjtpOjE7fQ==',1749838672),('osoCowzNAgoe8fMFM6nPoEhlexPZW8yBD3B6x9F8',NULL,'46.188.248.29','Mozilla/5.0 (iPhone; CPU iPhone OS 18_3_2 like Mac OS X) AppleWebKit/605.1.15 (KHTML, like Gecko) Version/18.3.1 Mobile/15E148 Safari/604.1','YTozOntzOjY6Il90b2tlbiI7czo0MDoidGZQT0NFV0xhU0s2Vjd3RmhnOWE1RktvM2ZERFl0d241cHdhYTl6dSI7czo5OiJfcHJldmlvdXMiO2E6MTp7czozOiJ1cmwiO3M6NzQ6Imh0dHBzOi8vc3Jwc2thdGVuaXNsaWdhLnJzL2dldC1sZWFndWUvcHJ2ZW5zdHZvLXZldGVyYW5hLWRvYm9qLXR1cm5pci0yMDI1Ijt9czo2OiJfZmxhc2giO2E6Mjp7czozOiJvbGQiO2E6MDp7fXM6MzoibmV3IjthOjA6e319fQ==',1749832045),('TTultfhxngNTAKvMtsR2kSP9zDjb3bsaJ7NKNzzK',NULL,'66.249.66.196','Mozilla/5.0 (Linux; Android 6.0.1; Nexus 5X Build/MMB29P) AppleWebKit/537.36 (KHTML, like Gecko) Chrome/136.0.7103.113 Mobile Safari/537.36 (compatible; Googlebot/2.1; +http://www.google.com/bot.html)','YTozOntzOjY6Il90b2tlbiI7czo0MDoiNU1FV3ZGOWlMMmRmQTk1alFtd0pRcGNoWk50RGZqRlZGWEdYQ0xuSyI7czo5OiJfcHJldmlvdXMiO2E6MTp7czozOiJ1cmwiO3M6NTE6Imh0dHBzOi8vd3d3LnNycHNrYXRlbmlzbGlnYS5ycy9nZXQtcGxheWVyLWNoYXJ0LzI0MCI7fXM6NjoiX2ZsYXNoIjthOjI6e3M6Mzoib2xkIjthOjA6e31zOjM6Im5ldyI7YTowOnt9fX0=',1749838180),('U6mmdZYuVcBJmQ2Q55HOC7Lg9S17amFJrYtDSjOR',NULL,'54.183.160.192','Mozilla/5.0 (X11; Linux x86_64) AppleWebKit/537.36 (KHTML, like Gecko) Chrome/137.0.0.0 Safari/537.36','YTozOntzOjY6Il90b2tlbiI7czo0MDoibXVYeFlSU09rbVZGZUZPOUkxVDhybDNTN2U3dUI1ZHhTb2c3SnpkViI7czo5OiJfcHJldmlvdXMiO2E6MTp7czozOiJ1cmwiO3M6MjY6Imh0dHBzOi8vc3Jwc2thdGVuaXNsaWdhLnJzIjt9czo2OiJfZmxhc2giO2E6Mjp7czozOiJvbGQiO2E6MDp7fXM6MzoibmV3IjthOjA6e319fQ==',1749832671),('wHjuK3Y6Q5GWUZPG0lk61ww7aeSgZ6znVyolDGD8',NULL,'46.188.248.29','MobileSafari/8620.2.4.10.8 CFNetwork/3826.400.120 Darwin/24.3.0','YTozOntzOjY6Il90b2tlbiI7czo0MDoiMkdZYVlacDIxcUVuWWlkRDk4ZVRINksyRVFlNDhIRHFtMW9ybzJjZSI7czo5OiJfcHJldmlvdXMiO2E6MTp7czozOiJ1cmwiO3M6MjY6Imh0dHBzOi8vc3Jwc2thdGVuaXNsaWdhLnJzIjt9czo2OiJfZmxhc2giO2E6Mjp7czozOiJvbGQiO2E6MDp7fXM6MzoibmV3IjthOjA6e319fQ==',1749832043),('yJ9w2QZTE1UGmbe2Vw3KFHUupBIbGdCcXYoTrOjV',NULL,'66.249.66.196','Mozilla/5.0 (Linux; Android 6.0.1; Nexus 5X Build/MMB29P) AppleWebKit/537.36 (KHTML, like Gecko) Chrome/136.0.7103.113 Mobile Safari/537.36 (compatible; Googlebot/2.1; +http://www.google.com/bot.html)','YTozOntzOjY6Il90b2tlbiI7czo0MDoiZ2JNYzBwcmJMQ1ZwdHJUcjU2U2FKc3p0bXFSQTJyNlRUb0xjQ1M3MiI7czo5OiJfcHJldmlvdXMiO2E6MTp7czozOiJ1cmwiO3M6NTE6Imh0dHBzOi8vd3d3LnNycHNrYXRlbmlzbGlnYS5ycy9nZXQtcGxheWVyLWNoYXJ0LzE0NyI7fXM6NjoiX2ZsYXNoIjthOjI6e3M6Mzoib2xkIjthOjA6e31zOjM6Im5ldyI7YTowOnt9fX0=',1749831331),('zCDcfHVRkdPUOgp7BOFyPCQ0cgHiN2wW2mjpDUFH',NULL,'66.249.66.198','Mozilla/5.0 (Linux; Android 6.0.1; Nexus 5X Build/MMB29P) AppleWebKit/537.36 (KHTML, like Gecko) Chrome/136.0.7103.113 Mobile Safari/537.36 (compatible; Googlebot/2.1; +http://www.google.com/bot.html)','YTozOntzOjY6Il90b2tlbiI7czo0MDoickUwZzgwcEVvY05FQUNjSTBRdlFXYXNOYVJYQ1NraTlXNkx1TGhRWSI7czo5OiJfcHJldmlvdXMiO2E6MTp7czozOiJ1cmwiO3M6NTE6Imh0dHBzOi8vd3d3LnNycHNrYXRlbmlzbGlnYS5ycy9nZXQtcGxheWVyLWNoYXJ0LzE4MCI7fXM6NjoiX2ZsYXNoIjthOjI6e3M6Mzoib2xkIjthOjA6e31zOjM6Im5ldyI7YTowOnt9fX0=',1749832411);
/*!40000 ALTER TABLE `sessions` ENABLE KEYS */;
UNLOCK TABLES;

--
-- Table structure for table `tennis_matches`
--

DROP TABLE IF EXISTS `tennis_matches`;
/*!40101 SET @saved_cs_client     = @@character_set_client */;
/*!50503 SET character_set_client = utf8mb4 */;
CREATE TABLE `tennis_matches` (
  `id` bigint unsigned NOT NULL AUTO_INCREMENT,
  `court_id` bigint unsigned DEFAULT NULL,
  `league_id` bigint unsigned DEFAULT NULL,
  `set_score` varchar(255) COLLATE utf8mb4_unicode_ci NOT NULL,
  `game_score` varchar(255) COLLATE utf8mb4_unicode_ci DEFAULT NULL,
  `date` date NOT NULL,
  `number` int DEFAULT NULL,
  `county` varchar(255) COLLATE utf8mb4_unicode_ci DEFAULT NULL,
  `winner_point_gain` int NOT NULL,
  `loser_point_gain` int NOT NULL,
  `created_at` timestamp NULL DEFAULT NULL,
  `updated_at` timestamp NULL DEFAULT NULL,
  PRIMARY KEY (`id`),
  KEY `tennis_matches_court_id_foreign` (`court_id`),
  KEY `tennis_matches_league_id_foreign` (`league_id`),
  CONSTRAINT `tennis_matches_court_id_foreign` FOREIGN KEY (`court_id`) REFERENCES `courts` (`id`) ON DELETE SET NULL,
  CONSTRAINT `tennis_matches_league_id_foreign` FOREIGN KEY (`league_id`) REFERENCES `leagues` (`id`) ON DELETE SET NULL
) ENGINE=InnoDB AUTO_INCREMENT=357 DEFAULT CHARSET=utf8mb4 COLLATE=utf8mb4_unicode_ci;
/*!40101 SET character_set_client = @saved_cs_client */;

--
-- Dumping data for table `tennis_matches`
--

LOCK TABLES `tennis_matches` WRITE;
/*!40000 ALTER TABLE `tennis_matches` DISABLE KEYS */;
INSERT INTO `tennis_matches` VALUES (1,2,1,'9:4',NULL,'2024-12-13',1,'Beograd',132,37,'2025-05-31 17:03:15','2025-06-13 13:31:13'),(2,2,1,'2:0','6:3,4:2','2024-12-16',2,'Beograd',140,42,'2025-05-31 17:03:15','2025-06-13 13:31:13'),(3,2,1,'2:0','6:0,6:2','2024-12-20',3,'Beograd',156,28,'2025-05-31 17:03:15','2025-06-13 13:31:14'),(4,2,1,'9:2','','2024-12-25',4,'Beograd',136,28,'2025-05-31 17:03:15','2025-06-13 13:31:14'),(5,2,1,'6:5','','2024-12-28',5,'Beograd',115,43,'2025-05-31 17:03:15','2025-06-13 13:31:14'),(6,2,1,'2:0','6:2,6:1','2025-01-03',6,'Beograd',161,34,'2025-05-31 17:03:15','2025-06-13 13:31:14'),(7,2,1,'6:1','','2025-01-08',7,'Beograd',100,20,'2025-05-31 17:03:15','2025-06-13 13:31:14'),(8,2,1,'9:0','','2025-01-13',8,'Beograd',142,19,'2025-05-31 17:03:15','2025-06-13 13:31:15'),(9,2,1,'6:4','','2025-01-14',9,'Beograd',101,36,'2025-05-31 17:03:15','2025-06-13 13:31:15'),(10,2,1,'5:4','','2025-01-17',10,'Beograd',113,40,'2025-05-31 17:03:15','2025-06-13 13:31:15'),(11,2,1,'5:0','','2025-01-17',11,'Beograd',113,19,'2025-05-31 17:03:15','2025-06-13 13:31:15'),(12,2,1,'2:0','4:1,4:1','2025-01-20',12,'Beograd',118,26,'2025-05-31 17:03:15','2025-06-13 13:31:16'),(13,2,1,'9:1','','2025-01-24',13,'Beograd',146,25,'2025-05-31 17:03:15','2025-06-13 13:31:16'),(14,2,1,'2:0','6:0,4:0','2025-01-28',14,'Beograd',135,15,'2025-05-31 17:03:15','2025-06-13 13:31:16'),(15,2,1,'7:6','','2025-02-03',15,'Beograd',133,52,'2025-05-31 17:03:15','2025-06-13 13:31:16'),(16,2,1,'9:5','','2025-02-05',16,'Beograd',149,47,'2025-05-31 17:03:15','2025-06-13 13:31:16'),(17,5,1,'2:0','6:1,3:1','2025-02-05',17,'Beograd',149,31,'2025-05-31 17:03:15','2025-06-13 13:31:16'),(18,2,1,'9:6','','2025-02-07',18,'Beograd',150,53,'2025-05-31 17:03:15','2025-06-13 13:31:17'),(19,3,1,'2:1','7:6,4:6,6:4','2025-02-08',19,'Vrnjačka Banja',214,108,'2025-05-31 17:03:15','2025-06-13 13:31:17'),(20,2,1,'9:4','','2025-02-09',20,'Beograd',151,42,'2025-05-31 17:03:15','2025-06-13 13:31:17'),(21,5,1,'2:0','6:0,6:1','2025-02-11',21,'Beograd',175,25,'2025-05-31 17:03:15','2025-06-13 13:31:17'),(22,5,1,'9:4','','2025-02-11',22,'Beograd',151,42,'2025-05-31 17:03:15','2025-06-13 13:31:17'),(23,5,1,'9:7','','2025-02-12',23,'Beograd',132,55,'2025-05-31 17:03:15','2025-06-13 13:31:17'),(24,2,1,'2:0','4:1,4:1','2025-02-17',24,'Beograd',125,27,'2025-05-31 17:03:15','2025-06-13 13:31:18'),(25,2,1,'6:1','','2025-02-18',25,'Beograd',109,22,'2025-05-31 17:03:15','2025-06-13 13:31:18'),(26,5,1,'8:3','','2025-02-19',26,'Beograd',146,37,'2025-05-31 17:03:15','2025-06-13 13:31:18'),(27,5,1,'3:0','4:1,4:0,4:2','2025-02-20',27,'Beograd',179,37,'2025-05-31 17:03:15','2025-06-13 13:31:18'),(28,5,1,'9:3',NULL,'2025-02-21',28,'Beograd',134,33,'2025-05-31 17:03:15','2025-06-13 13:31:18'),(29,4,1,'2:1','1:4,4:0,4:1','2025-02-21',29,'Beograd',155,49,'2025-05-31 17:03:15','2025-06-13 13:31:19'),(30,5,1,'9:6','','2025-02-25',30,'Beograd',135,51,'2025-05-31 17:03:15','2025-06-13 13:31:19'),(31,2,1,'2:0','4:1,4:0','2025-02-21',31,'Beograd',146,26,'2025-05-31 17:03:15','2025-06-13 13:31:19'),(32,2,1,'4:3','','2025-02-22',32,'Beograd',114,37,'2025-05-31 17:03:15','2025-06-13 13:31:19'),(33,5,1,'9:1','','2025-02-26',33,'Beograd',136,22,'2025-05-31 17:03:15','2025-06-13 13:31:19'),(34,4,1,'7:5','','2025-02-15',34,'Beograd',137,48,'2025-05-31 17:03:15','2025-06-13 13:31:19'),(35,5,1,'3:0','4:0,4:0,4:0','2025-02-27',35,'Beograd',181,21,'2025-05-31 17:03:15','2025-06-13 13:31:20'),(36,2,1,'2:1','3:4,4:1,1:0','2025-03-01',36,'Beograd',128,45,'2025-05-31 17:03:15','2025-06-13 13:31:20'),(37,2,1,'7:4',NULL,'2025-03-02',37,'Beograd',141,44,'2025-05-31 17:03:15','2025-06-13 13:31:20'),(38,4,1,'6:1',NULL,'2025-03-02',38,'Beograd',133,27,'2025-05-31 17:03:15','2025-06-13 13:31:20'),(39,2,1,'6:4',NULL,'2025-03-02',39,'Beograd',133,44,'2025-05-31 17:03:15','2025-06-13 13:31:20'),(40,2,1,'2:1','4:1,2:4,1:0','2025-03-03',40,'Beograd',120,46,'2025-05-31 17:03:15','2025-06-13 13:31:21'),(41,5,1,'6:3',NULL,'2025-03-04',41,'Beograd',91,30,'2025-05-31 17:03:15','2025-06-13 13:31:21'),(42,5,1,'9:4',NULL,'2025-03-05',42,'Beograd',117,36,'2025-05-31 17:03:15','2025-06-13 13:31:21'),(43,2,1,'4:2',NULL,'2025-03-05',43,'Beograd',117,33,'2025-05-31 17:03:15','2025-06-13 13:31:21'),(44,5,1,'3:0','4:0,4:1,4:2','2025-03-06',44,'Beograd',142,30,'2025-05-31 17:03:15','2025-06-13 13:31:22'),(45,5,1,'2:0','6:1,6:2','2025-03-07',45,'Beograd',184,38,'2025-05-31 17:03:15','2025-06-13 13:31:22'),(46,7,1,'6:2',NULL,'2025-03-07',46,'Beograd',134,33,'2025-05-31 17:03:15','2025-06-13 13:31:22'),(47,5,1,'2:1','0:4,4:2,1:0','2025-03-09',47,'Beograd',126,56,'2025-05-31 17:03:15','2025-06-13 13:31:22'),(48,5,1,'8:1',NULL,'2025-03-09',48,'Beograd',151,27,'2025-05-31 17:03:15','2025-06-13 13:31:22'),(49,5,1,'9:3',NULL,'2025-03-11',49,'Beograd',160,39,'2025-05-31 17:03:15','2025-06-13 13:31:22'),(50,5,1,'6:4',NULL,'2025-03-14',50,'Beograd',93,36,'2025-05-31 17:03:15','2025-06-13 13:31:23'),(51,5,1,'3:1','4:1,4:2,2:4,4:0','2025-03-15',51,'Beograd',204,63,'2025-05-31 17:03:15','2025-06-13 13:31:23'),(52,5,1,'2:1','4:0,2:4,1:0','2025-03-16',52,'Beograd',145,45,'2025-05-31 17:03:15','2025-06-13 13:31:23'),(53,2,1,'2:0','6:3,2:0','2025-03-16',53,'Beograd',153,39,'2025-05-31 17:03:15','2025-06-13 13:31:23'),(54,2,1,'7:3',NULL,'2025-03-16',54,'Beograd',145,39,'2025-05-31 17:03:15','2025-06-13 13:31:23'),(55,5,1,'7:5',NULL,'2025-03-17',55,'Beograd',124,47,'2025-05-31 17:03:15','2025-06-13 13:31:23'),(56,5,1,'9:6',NULL,'2025-03-19',56,'Beograd',141,53,'2025-05-31 17:03:15','2025-06-13 13:31:24'),(57,5,1,'3:0','4:0,4:1,4:0','2025-03-20',57,'Beograd',189,27,'2025-05-31 17:03:15','2025-06-13 13:31:24'),(58,7,1,'3:0','4:3,4:1,4:2','2025-03-21',58,'Beograd',189,58,'2025-05-31 17:03:15','2025-06-13 13:31:24'),(59,5,1,'5:3',NULL,'2025-03-21',59,'Beograd',129,40,'2025-05-31 17:03:15','2025-06-13 13:31:24'),(60,2,1,'3:0','4:1,4:1,4:1','2025-03-21',60,'Beograd',189,40,'2025-05-31 17:03:15','2025-06-13 13:31:24'),(61,11,1,'3:0','4:0,4:0,4:0','2025-03-22',61,'Beograd',190,22,'2025-05-31 17:03:15','2025-06-13 13:31:24'),(62,12,1,'2:0','4:0,4:1','2025-03-23',62,'Beograd',134,23,'2025-05-31 17:03:15','2025-06-13 13:31:25'),(63,13,1,'2:0','5:3,4:1','2025-03-23',63,'Beograd',164,46,'2025-05-31 17:03:15','2025-06-13 13:31:25'),(64,5,1,'2:0','6:0,6:4','2025-03-24',64,'Beograd',147,37,'2025-05-31 17:03:15','2025-06-13 13:31:25'),(65,7,1,'2:1','4:1,3:4,1:0','2025-03-26',65,'Beograd',156,52,'2025-05-31 17:03:15','2025-06-13 13:31:25'),(66,14,1,'2:1','3:4,4:2,1:0','2025-03-27',66,'Beograd',157,58,'2025-05-31 17:03:15','2025-06-13 13:31:25'),(67,5,1,'6:4',NULL,'2025-03-27',67,'Beograd',96,37,'2025-05-31 17:03:15','2025-06-13 13:31:25'),(68,7,1,'3:0','4:1,4:0,4:0','2025-03-28',68,'Beograd',148,19,'2025-05-31 17:03:15','2025-06-13 13:31:26'),(69,12,1,'2:1','4:0,2:4,3:2','2025-03-30',69,'Beograd',144,54,'2025-05-31 17:03:15','2025-06-13 13:31:26'),(70,12,1,'2:0','4:0,4:0','2025-03-31',70,'Beograd',158,22,'2025-05-31 17:03:15','2025-06-13 13:31:26'),(71,5,1,'9:4',NULL,'2025-03-31',71,'Beograd',167,46,'2025-05-31 17:03:15','2025-06-13 13:31:26'),(72,5,1,'9:0',NULL,'2025-04-01',72,'Beograd',167,22,'2025-05-31 17:03:15','2025-06-13 13:31:27'),(73,3,1,'2:1','7:6,6:7,7:6','2025-04-02',73,'Vrnjačka Banja',264,139,'2025-05-31 17:03:15','2025-06-13 13:31:27'),(74,7,1,'7:5',NULL,'2025-04-04',74,'Beograd',150,53,'2025-05-31 17:03:15','2025-06-13 13:31:27'),(75,15,1,'3:0','6:1,6:2,6:1','2025-04-05',75,'Beograd',248,47,'2025-05-31 17:03:15','2025-06-13 13:31:27'),(76,5,1,'8:3',NULL,'2025-04-06',76,'Beograd',137,36,'2025-05-31 17:03:15','2025-06-13 13:31:27'),(77,12,1,'2:0','4:3,4:1','2025-04-06',77,'Beograd',160,47,'2025-05-31 17:03:15','2025-06-13 13:31:27'),(78,5,1,'9:4',NULL,'2025-04-06',78,'Beograd',168,47,'2025-05-31 17:03:15','2025-06-13 13:31:27'),(79,5,1,'9:4',NULL,'2025-04-07',79,'Beograd',124,38,'2025-05-31 17:03:15','2025-06-13 13:31:27'),(80,7,1,'3:0','4:0,4:0,4:0','2025-04-07',80,'Beograd',151,13,'2025-05-31 17:03:15','2025-06-13 13:31:28'),(81,7,1,'2:0','4:2,4:1','2025-04-08',81,'Beograd',138,36,'2025-05-31 17:03:15','2025-06-13 13:31:28'),(82,5,1,'1:0','9:3','2025-04-09',82,'Beograd',169,41,'2025-05-31 17:03:15','2025-06-13 13:31:28'),(83,16,1,'2:0','4:1,3:2','2025-04-11',83,'Italija',152,41,'2025-05-31 17:03:15','2025-06-13 13:31:28'),(84,15,1,'2:1','3:4,4:1,4:1','2025-04-13',84,'Beograd',189,60,'2025-05-31 17:03:15','2025-06-13 13:31:28'),(85,17,1,'2:0','4:0,4:2','2025-04-13',85,'Italija',139,31,'2025-05-31 17:03:15','2025-06-13 13:31:28'),(86,7,2,'9:6',NULL,'2025-04-17',86,'Beograd',172,61,'2025-05-31 17:03:15','2025-06-13 13:31:29'),(87,5,1,'8:3',NULL,'2025-04-17',87,'Beograd',118,33,'2025-05-31 17:03:15','2025-06-13 13:31:29'),(88,5,1,'2:0','6:4,7:5','2025-04-20',88,'Beograd',187,76,'2025-05-31 17:03:15','2025-06-13 13:31:29'),(89,5,1,'2:0','6:2,6:2','2025-04-21',89,'Beograd',155,39,'2025-05-31 17:03:15','2025-06-13 13:31:29'),(90,7,2,'9:8',NULL,'2025-04-21',90,'Beograd',173,74,'2025-05-31 17:03:15','2025-06-13 13:31:29'),(91,11,1,'2:0','4:1,4:1','2025-04-23',91,'Beograd',165,36,'2025-05-31 17:03:15','2025-06-13 13:31:30'),(92,5,1,'6:4',NULL,'2025-04-25',92,'Beograd',124,44,'2025-05-31 17:03:15','2025-06-13 13:31:30'),(93,12,1,'9:5',NULL,'2025-04-25',93,'Beograd',174,55,'2025-05-31 17:03:15','2025-06-13 13:31:30'),(94,14,1,'9:0',NULL,'2025-04-26',94,'Beograd',175,23,'2025-05-31 17:03:15','2025-06-13 13:31:30'),(95,14,1,'3:0','4:2,4:1,3:2','2025-04-27',95,'Beograd',194,55,'2025-05-31 17:03:15','2025-06-13 13:31:30'),(96,5,1,'3:0','6:0,6:2,7:5','2025-04-28',96,'Beograd',222,59,'2025-05-31 17:03:15','2025-06-13 13:31:31'),(97,7,2,'9:7',NULL,'2025-04-28',97,'Beograd',175,68,'2025-05-31 17:03:15','2025-06-13 13:31:31'),(98,7,2,'9:5',NULL,'2025-04-29',98,'Beograd',176,56,'2025-05-31 17:03:15','2025-06-13 13:31:31'),(99,5,1,'6:4',NULL,'2025-04-30',99,'Beograd',148,49,'2025-05-31 17:03:15','2025-06-13 13:31:31'),(100,5,1,'2:0','6:0,4:2','2025-04-10',100,'Beograd',179,35,'2025-05-31 17:03:15','2025-06-13 13:31:31'),(101,7,2,'9:3',NULL,'2025-04-30',124,'Beograd',176,43,'2025-05-31 17:03:15','2025-06-13 13:31:31'),(102,5,1,'2:0','6:3,6:4','2025-05-02',125,'Beograd',205,69,'2025-05-31 17:03:15','2025-06-13 13:31:32'),(103,18,1,'2:1','4:1,2:4,1:0','2025-05-03',126,'Grčka',158,56,'2025-05-31 17:03:15','2025-06-13 13:31:32'),(104,12,1,'9:6',NULL,'2025-05-06',127,'Beograd',178,63,'2025-05-31 17:03:15','2025-06-13 13:31:32'),(105,5,1,'7:5',NULL,'2025-05-07',128,'Beograd',113,47,'2025-05-31 17:03:16','2025-06-13 13:31:32'),(106,12,2,'9:2',NULL,'2025-05-08',129,'Beograd',179,37,'2025-05-31 17:03:16','2025-06-13 13:31:32'),(107,5,1,'2:1','4:2,1:4,4:0','2025-05-09',130,'Beograd',179,63,'2025-05-31 17:03:16','2025-06-13 13:31:33'),(108,5,1,'2:1','6:2,6:2,6:7','2025-05-07',131,'Beograd',239,91,'2025-05-31 17:03:16','2025-06-13 13:31:33'),(109,3,1,'2:0','6:1,6:2','2025-05-09',132,'Vrnjačka Banja',207,43,'2025-05-31 17:03:16','2025-06-13 13:31:33'),(110,5,1,'3:0','6:2,6:3,9:4','2025-05-09',133,'Beograd',292,83,'2025-05-31 17:03:16','2025-06-13 13:31:33'),(111,7,2,'9:6',NULL,'2025-05-10',134,'Beograd',179,63,'2025-05-31 17:03:16','2025-06-13 13:31:33'),(112,5,1,'8:3',NULL,'2025-05-11',135,'Beograd',170,43,'2025-05-31 17:03:16','2025-06-13 13:31:33'),(113,5,1,'8:3',NULL,'2025-05-09',136,'Beograd',122,34,'2025-05-31 17:03:16','2025-06-13 13:31:33'),(114,7,2,'9:6',NULL,'2025-05-11',163,'Beograd',180,63,'2025-05-31 17:03:16','2025-06-13 13:31:33'),(115,7,2,'9:5',NULL,'2025-05-11',164,'Beograd',180,57,'2025-05-31 17:03:16','2025-06-13 13:31:33'),(116,5,1,'2:0','4:2,4:1','2025-05-12',165,'Beograd',147,39,'2025-05-31 17:03:16','2025-06-13 13:31:34'),(117,5,1,'2:0','6:4,6:3','2025-05-14',166,'Beograd',170,64,'2025-05-31 17:03:16','2025-06-09 11:31:09'),(118,7,1,'4:1',NULL,'2025-05-15',167,'Beograd',140,32,'2025-05-31 17:03:16','2025-06-09 11:31:09'),(119,11,10,'9:1',NULL,'2025-05-16',168,'Beograd',190,32,'2025-05-31 17:03:16','2025-06-09 11:31:09'),(120,7,1,'2:0','4:2,4:0','2025-05-17',169,'Beograd',180,39,'2025-05-31 17:03:16','2025-06-09 11:31:09'),(121,4,1,'3:0','4:0,4:0,4:1','2025-05-18',193,'Beograd',220,32,'2025-05-31 17:03:16','2025-06-09 11:35:57'),(122,5,1,'9:5',NULL,'2025-05-23',194,'Beograd',165,55,'2025-05-31 17:03:16','2025-06-09 11:35:57'),(123,7,2,'9:6',NULL,'2025-05-24',195,'Beograd',190,67,'2025-05-31 17:03:16','2025-06-09 11:35:57'),(124,12,1,'2:1','1:4,4:3,1:0','2025-05-25',219,'Beograd',160,74,'2025-05-31 17:03:16','2025-06-09 11:35:57'),(125,5,1,'6:4',NULL,'2025-05-26',220,'Beograd',160,53,'2025-05-31 17:03:16','2025-06-09 11:35:57'),(126,5,1,'9:4',NULL,'2025-05-27',221,'Beograd',190,53,'2025-05-31 17:03:16','2025-06-09 11:35:57'),(127,5,1,'3:0','6:0,6:1,6:0','2025-05-27',222,'Beograd',230,22,'2025-05-31 17:03:16','2025-06-09 11:35:57'),(128,7,2,'9:3',NULL,'2025-05-27',223,'Beograd',190,46,'2025-05-31 17:03:16','2025-06-09 11:35:57'),(129,7,1,'2:0','4:0,4:2','2025-05-28',224,'Beograd',180,39,'2025-05-31 17:03:16','2025-06-09 11:35:57'),(130,7,1,'8:1',NULL,'2025-05-28',225,'Beograd',180,32,'2025-05-31 17:03:16','2025-06-09 11:35:57'),(131,19,1,'2:0','6:4,6:4','2025-05-28',226,'Beograd',220,81,'2025-05-31 17:03:16','2025-06-09 11:35:57'),(132,21,13,'2:0','7:6,6:0','2025-05-28',227,'Kragujevac',230,67,'2025-05-31 17:03:16','2025-06-09 11:35:57'),(133,20,12,'9:0',NULL,'2025-05-31',228,'Beograd',190,25,'2025-05-31 17:03:16','2025-06-09 11:35:57'),(134,12,1,'4:0','4:0,4:0,4:2,4:0','2025-06-01',265,'Beograd',260,39,'2025-06-01 12:18:44','2025-06-09 11:35:57'),(135,22,1,'2:0','6:4,7:6','2025-06-01',266,'Beograd',230,95,'2025-06-01 16:38:45','2025-06-09 11:35:57'),(136,21,13,'2:0','6:1,6:4','2025-06-01',267,'Kragujevac',220,60,'2025-06-02 05:28:20','2025-06-09 11:35:57'),(137,4,1,'5:3',NULL,'2025-06-02',268,'Beograd',150,46,'2025-06-02 12:31:17','2025-06-09 11:35:57'),(138,21,13,'2:0','6:1,6:3','2025-06-02',269,'Kragujevac',220,53,'2025-06-02 19:37:27','2025-06-09 11:35:57'),(139,5,1,'2:0','4:2,4:0','2025-06-03',270,'Beograd',180,39,'2025-06-03 07:14:09','2025-06-09 11:35:57'),(140,21,13,'2:0','6:3,6:4','2025-06-03',271,'Kragujevac',220,74,'2025-06-03 08:22:58','2025-06-09 11:35:57'),(141,21,13,'2:0','6:0,6:0','2025-06-03',272,'Kragujevac',220,25,'2025-06-03 15:21:51','2025-06-09 11:35:57'),(142,23,1,'4:0',NULL,'2025-06-03',273,'Prokuplje',140,25,'2025-06-03 15:50:25','2025-06-09 11:35:57'),(143,21,13,'2:0','6:4,6:3','2025-06-03',274,'Kragujevac',220,74,'2025-06-03 19:01:53','2025-06-09 11:35:57'),(144,5,1,'2:0','6:1,6:0','2025-06-04',275,'Beograd',195,27,'2025-06-04 05:26:49','2025-06-09 11:35:57'),(145,12,1,'4:0','4:0,4:0,4:0,4:0','2025-06-04',276,'Beograd',235,20,'2025-06-04 10:46:07','2025-06-09 11:35:57'),(146,21,13,'2:0','6:2,6:1','2025-06-04',277,'Kragujevac',220,46,'2025-06-05 07:48:12','2025-06-09 11:35:57'),(147,5,1,'2:0','4:3,4:1','2025-06-05',278,'Beograd',155,48,'2025-06-05 13:42:38','2025-06-09 11:35:57'),(148,24,1,'5:0',NULL,'2025-06-05',279,'Beograd',125,20,'2025-06-05 15:20:33','2025-06-09 11:35:57'),(149,25,13,'2:0','7:6,6:2','2025-06-05',280,'Kragujevac',230,81,'2025-06-05 19:00:16','2025-06-09 11:35:57'),(150,7,1,'5:4',NULL,'2025-06-06',281,'Beograd',100,43,'2025-06-06 05:41:32','2025-06-09 11:35:57'),(151,20,12,'9:1','','2025-05-31',229,'Novi Sad',190,32,'2025-06-06 12:03:09','2025-06-09 11:35:57'),(152,20,12,'9:1','','2025-05-31',230,'Novi Sad',190,32,'2025-06-06 12:03:09','2025-06-09 11:35:57'),(153,20,12,'9:7','','2025-05-31',231,'Novi Sad',190,74,'2025-06-06 12:03:09','2025-06-09 11:35:57'),(154,20,12,'9:0','','2025-05-31',232,'Novi Sad',190,25,'2025-06-06 12:03:09','2025-06-09 11:35:57'),(155,20,12,'9:1','','2025-05-31',233,'Novi Sad',190,32,'2025-06-06 12:03:09','2025-06-09 11:35:57'),(156,20,12,'9:4','','2025-05-31',234,'Novi Sad',190,53,'2025-06-06 12:03:10','2025-06-09 11:35:57'),(157,20,12,'9:4','','2025-05-31',235,'Novi Sad',190,53,'2025-06-06 12:03:10','2025-06-09 11:35:57'),(158,20,12,'9:2','','2025-05-31',236,'Novi Sad',190,39,'2025-06-06 12:03:10','2025-06-09 11:35:57'),(159,20,12,'9:6','','2025-05-31',237,'Novi Sad',190,67,'2025-06-06 12:03:10','2025-06-09 11:35:57'),(160,20,12,'9:7','','2025-05-31',238,'Novi Sad',190,74,'2025-06-06 12:03:11','2025-06-09 11:35:57'),(161,20,12,'9:3','','2025-05-31',239,'Novi Sad',190,46,'2025-06-06 12:03:11','2025-06-09 11:35:57'),(162,20,12,'9:4','','2025-05-31',240,'Novi Sad',190,53,'2025-06-06 12:03:11','2025-06-09 11:35:57'),(163,20,12,'9:0','','2025-05-31',241,'Novi Sad',190,25,'2025-06-06 12:03:11','2025-06-09 11:35:57'),(164,20,12,'9:1','','2025-05-31',242,'Novi Sad',190,32,'2025-06-06 12:03:11','2025-06-09 11:35:57'),(165,20,12,'9:8','','2025-05-31',243,'Novi Sad',190,81,'2025-06-06 12:03:12','2025-06-09 11:35:57'),(166,20,12,'9:3','','2025-05-31',244,'Novi Sad',190,46,'2025-06-06 12:03:12','2025-06-09 11:35:57'),(167,20,12,'9:4','','2025-05-31',245,'Novi Sad',190,53,'2025-06-06 12:03:12','2025-06-09 11:35:57'),(168,20,12,'9:4','','2025-05-31',246,'Novi Sad',190,53,'2025-06-06 12:03:12','2025-06-09 11:35:57'),(169,20,12,'9:8',NULL,'2025-05-31',247,'Novi Sad',190,81,'2025-06-06 12:03:13','2025-06-09 11:35:57'),(170,20,12,'9:3','','2025-05-31',248,'Novi Sad',190,46,'2025-06-06 12:03:13','2025-06-09 11:35:57'),(171,20,12,'9:0','','2025-05-31',249,'Novi Sad',190,25,'2025-06-06 12:03:13','2025-06-09 11:35:57'),(172,20,12,'9:6','','2025-05-31',250,'Novi Sad',190,67,'2025-06-06 12:03:13','2025-06-09 11:35:57'),(173,20,12,'9:1','','2025-05-31',251,'Novi Sad',190,32,'2025-06-06 12:03:14','2025-06-09 11:35:57'),(174,20,12,'9:8','','2025-05-31',252,'Novi Sad',190,81,'2025-06-06 12:03:14','2025-06-09 11:35:57'),(175,20,12,'9:6','','2025-05-31',253,'Novi Sad',190,67,'2025-06-06 12:03:14','2025-06-09 11:35:57'),(176,20,12,'9:5','','2025-05-31',254,'Novi Sad',190,60,'2025-06-06 12:03:14','2025-06-09 11:35:57'),(177,20,12,'9:7','','2025-05-31',255,'Novi Sad',190,74,'2025-06-06 12:03:14','2025-06-09 11:35:57'),(178,20,12,'9:3','','2025-05-31',256,'Novi Sad',190,46,'2025-06-06 12:03:14','2025-06-09 11:35:57'),(179,20,12,'9:3','','2025-05-31',257,'Novi Sad',190,46,'2025-06-06 12:03:15','2025-06-09 11:35:57'),(180,20,12,'9:0','','2025-05-31',258,'Novi Sad',190,25,'2025-06-06 12:03:15','2025-06-09 11:35:57'),(181,20,12,'9:5','','2025-05-31',259,'Novi Sad',190,60,'2025-06-06 12:03:15','2025-06-09 11:35:57'),(182,20,12,'9:3','','2025-05-31',260,'Novi Sad',190,46,'2025-06-06 12:03:16','2025-06-09 11:35:57'),(183,20,12,'9:3','','2025-05-31',261,'Novi Sad',190,46,'2025-06-06 12:03:16','2025-06-09 11:35:57'),(184,20,12,'9:3','','2025-05-31',262,'Novi Sad',190,46,'2025-06-06 12:03:16','2025-06-09 11:35:57'),(185,20,12,'9:8','','2025-05-31',263,'Novi Sad',190,81,'2025-06-06 12:03:16','2025-06-09 11:35:57'),(186,20,12,'9:5','','2025-05-31',264,'Novi Sad',190,60,'2025-06-06 12:03:16','2025-06-09 11:35:57'),(187,5,1,'2:0','6:1,4:1','2025-06-06',282,'Beograd',200,39,'2025-06-06 12:45:47','2025-06-09 11:35:57'),(188,21,13,'2:1','6:1,4:6,6:2','2025-06-06',283,'Kragujevac',260,88,'2025-06-06 15:28:32','2025-06-09 11:35:57'),(189,26,1,'3:0','4:0,4:2,4:0','2025-06-07',284,'Beograd',195,34,'2025-06-07 09:13:56','2025-06-09 11:35:57'),(190,5,1,'2:0','6:2,9:1','2025-06-07',311,'Beograd',200,36,'2025-06-07 18:22:37','2025-06-09 11:36:21'),(191,21,13,'2:0','6:1,7:6','2025-06-06',284,'Kragujevac',230,74,'2025-06-07 20:10:34','2025-06-09 11:35:57'),(192,7,1,'9:5',NULL,'2025-06-08',312,'Beograd',190,60,'2025-06-08 08:02:56','2025-06-09 11:36:21'),(193,4,1,'4:1',NULL,'2025-06-08',313,'Beograd',115,27,'2025-06-09 07:18:34','2025-06-09 14:10:16'),(202,29,14,'2:1','7:5,3:6,1:0','2025-05-10',137,'Zrenjanin',198,96,'2025-06-09 11:30:30','2025-06-13 13:31:39'),(203,29,14,'2:0','6:3,6:3','2025-05-10',138,'Zrenjanin',208,63,'2025-06-09 11:30:31','2025-06-13 13:31:39'),(204,29,14,'2:0','6:4,6:4','2025-05-10',139,'Zrenjanin',208,76,'2025-06-09 11:30:31','2025-06-13 13:31:39'),(205,29,14,'2:0','6:2,6:2','2025-05-10',140,'Zrenjanin',208,50,'2025-06-09 11:30:31','2025-06-13 13:31:39'),(206,29,14,'2:0','6:4,6:4','2025-05-10',141,'Zrenjanin',208,76,'2025-06-09 11:30:32','2025-06-13 13:31:39'),(207,29,14,'2:0','6:2,7:5','2025-05-10',142,'Zrenjanin',217,70,'2025-06-09 11:30:32','2025-06-13 13:31:39'),(208,29,14,'2:0','7:5,6:4','2025-05-10',143,'Zrenjanin',217,83,'2025-06-09 11:30:33','2025-06-13 13:31:39'),(209,29,14,'2:1','7:5,4:6,1:0','2025-05-10',144,'Zrenjanin',208,96,'2025-06-09 11:30:33','2025-06-13 13:31:40'),(210,29,14,'2:1','6:3,3:6,1:0','2025-05-10',145,'Zrenjanin',189,83,'2025-06-09 11:30:33','2025-06-13 13:31:40'),(211,29,14,'2:0','6:3,6:2','2025-05-10',146,'Zrenjanin',208,57,'2025-06-09 11:30:34','2025-06-13 13:31:40'),(212,29,14,'2:0','6:3,6:2','2025-05-10',147,'Zrenjanin',208,57,'2025-06-09 11:30:34','2025-06-13 13:31:40'),(213,29,14,'2:1','6:3,3:6,1:0','2025-05-10',148,'Zrenjanin',189,83,'2025-06-09 11:30:35','2025-06-13 13:31:40'),(214,29,14,'2:0','6:4,6:2','2025-05-10',149,'Zrenjanin',208,63,'2025-06-09 11:30:35','2025-06-13 13:31:40'),(215,29,14,'2:0','6:3,6:3','2025-05-10',150,'Zrenjanin',208,63,'2025-06-09 11:30:36','2025-06-13 13:31:40'),(216,29,14,'2:0','6:3,6:2','2025-05-10',151,'Zrenjanin',208,57,'2025-06-09 11:30:36','2025-06-13 13:31:40'),(217,29,14,'1:0','6:4','2025-05-10',152,'Zrenjanin',151,50,'2025-06-09 11:30:37','2025-06-13 13:31:40'),(218,29,14,'2:1','6:4,2:6,1:0','2025-05-10',153,'Zrenjanin',179,90,'2025-06-09 11:30:37','2025-06-13 13:31:40'),(219,29,14,'2:1','7:6,3:6,1:0','2025-05-10',154,'Zrenjanin',198,103,'2025-06-09 11:30:37','2025-06-13 13:31:40'),(220,29,14,'2:1','6:4,3:6,1:0','2025-05-10',155,'Zrenjanin',189,90,'2025-06-09 11:30:38','2025-06-13 13:31:40'),(221,30,15,'2:0','6:4,7:5','2025-04-12',101,'Šid',206,79,'2025-06-09 11:30:55','2025-06-13 13:31:40'),(222,30,15,'2:0','6:2,6:4','2025-04-12',102,'Šid',197,60,'2025-06-09 11:30:56','2025-06-13 13:31:40'),(223,30,15,'2:0','6:4,6:4','2025-04-12',103,'Šid',197,73,'2025-06-09 11:30:56','2025-06-13 13:31:40'),(224,30,15,'2:0','6:2,6:2','2025-04-12',104,'Šid',197,48,'2025-06-09 11:30:57','2025-06-13 13:31:40'),(225,30,15,'2:0','6:4,6:4','2025-04-12',105,'Šid',197,73,'2025-06-09 11:30:57','2025-06-13 13:31:40'),(226,30,15,'2:0','6:4,6:3','2025-04-12',106,'Šid',197,66,'2025-06-09 11:30:58','2025-06-13 13:31:40'),(227,30,15,'2:0','6:2,6:3','2025-04-12',107,'Šid',197,54,'2025-06-09 11:30:58','2025-06-13 13:31:40'),(228,30,15,'2:0','6:2,7:5','2025-04-12',108,'Šid',206,66,'2025-06-09 11:30:59','2025-06-13 13:31:40'),(229,30,15,'2:1','6:3,4:6,1:0','2025-04-12',109,'Šid',188,79,'2025-06-09 11:30:59','2025-06-13 13:31:40'),(230,30,15,'2:0','6:4,6:3','2025-04-12',110,'Šid',197,66,'2025-06-09 11:31:00','2025-06-13 13:31:40'),(231,30,15,'2:1','6:3,4:6,1:0','2025-04-12',111,'Šid',188,79,'2025-06-09 11:31:01','2025-06-13 13:31:40'),(232,30,15,'2:0','6:4,6:3','2025-04-12',112,'Šid',197,66,'2025-06-09 11:31:02','2025-06-13 13:31:40'),(233,30,15,'2:0','6:4,6:4','2025-04-12',113,'Šid',197,73,'2025-06-09 11:31:02','2025-06-13 13:31:40'),(234,30,15,'2:0','6:3,6:3','2025-04-12',114,'Šid',197,60,'2025-06-09 11:31:03','2025-06-13 13:31:40'),(235,30,15,'2:0','6:2,6:2','2025-04-12',115,'Šid',197,48,'2025-06-09 11:31:04','2025-06-13 13:31:40'),(236,30,15,'2:0','6:4,6:3','2025-04-12',116,'Šid',197,66,'2025-06-09 11:31:04','2025-06-13 13:31:40'),(237,30,15,'2:0','6:2,6:2','2025-04-12',117,'Šid',197,48,'2025-06-09 11:31:05','2025-06-13 13:31:40'),(238,30,15,'2:0','7:5,6:2','2025-04-12',118,'Šid',206,66,'2025-06-09 11:31:06','2025-06-13 13:31:40'),(239,30,15,'2:0','6:2,7:5','2025-04-12',119,'Šid',206,66,'2025-06-09 11:31:06','2025-06-13 13:31:41'),(240,30,15,'2:0','6:2,6:3','2025-04-12',120,'Šid',197,54,'2025-06-09 11:31:07','2025-06-13 13:31:41'),(241,30,15,'2:0','6:2,7:5','2025-04-12',121,'Šid',206,66,'2025-06-09 11:31:08','2025-06-13 13:31:41'),(242,30,15,'2:1','6:7,7:5,1:0','2025-04-12',122,'Šid',215,98,'2025-06-09 11:31:09','2025-06-13 13:31:41'),(243,30,15,'2:0','6:3,6:3','2025-04-12',123,'Šid',197,60,'2025-06-09 11:31:09','2025-06-13 13:31:41'),(248,31,16,'2:0','6:4,6:3','2025-05-24',196,'Novi Sad',220,74,'2025-06-09 11:35:20','2025-06-09 11:35:57'),(249,31,16,'2:0','6:2,6:3','2025-05-24',197,'Novi Sad',220,60,'2025-06-09 11:35:20','2025-06-09 11:35:57'),(250,31,16,'2:0','7:6,7:5','2025-05-24',198,'Novi Sad',240,102,'2025-06-09 11:35:21','2025-06-09 11:35:57'),(251,31,16,'2:0','6:3,6:4','2025-05-24',199,'Novi Sad',220,74,'2025-06-09 11:35:21','2025-06-09 11:35:57'),(252,31,16,'2:1','4:6,6:4,1:0','2025-05-24',200,'Novi Sad',210,95,'2025-06-09 11:35:21','2025-06-10 07:03:25'),(253,31,16,'2:0','7:5,6:3','2025-05-24',201,'Novi Sad',230,81,'2025-06-09 11:35:22','2025-06-09 11:35:57'),(254,31,16,'2:0','6:4,7:5','2025-05-24',202,'Novi Sad',230,88,'2025-06-09 11:35:22','2025-06-09 11:35:57'),(255,31,16,'2:0','6:3,6:2','2025-05-24',203,'Novi Sad',220,60,'2025-06-09 11:35:23','2025-06-09 11:35:57'),(256,31,16,'2:0','7:5,6:2','2025-05-24',204,'Novi Sad',230,74,'2025-06-09 11:35:23','2025-06-09 11:35:57'),(257,31,16,'2:1','4:6,6:2,1:0','2025-05-24',205,'Novi Sad',210,81,'2025-06-09 11:35:23','2025-06-10 07:02:59'),(258,31,16,'2:0','6:4,7:5','2025-05-24',206,'Novi Sad',230,88,'2025-06-09 11:35:24','2025-06-09 11:35:57'),(259,31,16,'2:0','6:4,6:3','2025-05-24',207,'Novi Sad',220,74,'2025-06-09 11:35:25','2025-06-09 11:35:57'),(260,31,16,'2:0','6:4,6:4','2025-05-24',208,'Novi Sad',220,81,'2025-06-09 11:35:25','2025-06-09 11:35:57'),(261,31,16,'2:0','6:3,6:3','2025-05-24',209,'Novi Sad',220,67,'2025-06-09 11:35:26','2025-06-09 11:35:57'),(262,31,16,'2:0','6:4,6:3','2025-05-24',210,'Novi Sad',220,74,'2025-06-09 11:35:26','2025-06-09 11:35:57'),(263,31,16,'2:1','4:6,6:4,1:0','2025-05-24',211,'Novi Sad',210,95,'2025-06-09 11:35:26','2025-06-10 07:02:33'),(264,31,16,'2:0','6:3,6:3','2025-05-24',212,'Novi Sad',220,67,'2025-06-09 11:35:27','2025-06-09 11:35:57'),(265,31,16,'2:0','6:4,7:5','2025-05-24',213,'Novi Sad',230,88,'2025-06-09 11:35:27','2025-06-09 11:35:57'),(266,31,16,'2:0','6:2,6:3','2025-05-24',214,'Novi Sad',220,60,'2025-06-09 11:35:28','2025-06-09 11:35:57'),(267,32,17,'2:0','6:2,6:4','2025-05-17',170,'Šabac',220,67,'2025-06-09 11:35:45','2025-06-09 11:35:45'),(268,32,17,'2:0','6:3,6:2','2025-05-17',171,'Šabac',220,60,'2025-06-09 11:35:45','2025-06-09 11:35:46'),(269,32,17,'2:0','6:4,6:4','2025-05-17',172,'Šabac',220,81,'2025-06-09 11:35:46','2025-06-09 11:35:46'),(270,32,17,'2:1','6:4,4:6,1:0','2025-05-17',173,'Šabac',210,95,'2025-06-09 11:35:46','2025-06-10 07:06:00'),(271,32,17,'2:1','6:4,6:7,1:0','2025-05-17',174,'Šabac',230,102,'2025-06-09 11:35:47','2025-06-10 07:05:05'),(272,32,17,'2:0','6:3,6:2','2025-05-17',175,'Šabac',220,60,'2025-06-09 11:35:47','2025-06-09 11:35:47'),(273,32,17,'2:0','6:4,6:4','2025-05-17',176,'Šabac',220,81,'2025-06-09 11:35:48','2025-06-09 11:35:48'),(274,32,17,'2:0','6:4,6:4','2025-05-17',177,'Šabac',220,81,'2025-06-09 11:35:48','2025-06-09 11:35:48'),(275,32,17,'2:0','6:3,6:2','2025-05-17',178,'Šabac',220,60,'2025-06-09 11:35:49','2025-06-09 11:35:49'),(276,32,17,'2:0','6:3,6:3','2025-05-17',179,'Šabac',220,67,'2025-06-09 11:35:50','2025-06-09 11:35:50'),(277,32,17,'2:1','2:6,7:6,1:0','2025-05-17',180,'Šabac',200,109,'2025-06-09 11:35:50','2025-06-10 07:04:41'),(278,32,17,'2:0','6:4,7:5','2025-05-17',181,'Šabac',230,88,'2025-06-09 11:35:51','2025-06-09 11:35:51'),(279,32,17,'2:0','6:2,6:3','2025-05-17',182,'Šabac',220,60,'2025-06-09 11:35:52','2025-06-09 11:35:52'),(280,32,17,'2:0','6:2,6:3','2025-05-17',183,'Šabac',220,60,'2025-06-09 11:35:52','2025-06-09 11:35:53'),(281,32,17,'2:0','6:3,6:4','2025-05-17',184,'Šabac',220,74,'2025-06-09 11:35:53','2025-06-09 11:35:53'),(282,32,17,'2:0','6:2,6:2','2025-05-17',185,'Šabac',220,53,'2025-06-09 11:35:53','2025-06-09 11:35:54'),(283,32,17,'2:0','6:4,6:3','2025-05-17',186,'Šabac',220,74,'2025-06-09 11:35:54','2025-06-09 11:35:54'),(284,32,17,'2:0','6:4,7:5','2025-05-17',187,'Šabac',230,88,'2025-06-09 11:35:54','2025-06-09 11:35:55'),(285,32,17,'2:0','6:3,6:2','2025-05-17',188,'Šabac',220,60,'2025-06-09 11:35:55','2025-06-09 11:35:55'),(286,32,17,'2:1','2:6,6:4,1:0','2025-05-17',189,'Šabac',190,95,'2025-06-09 11:35:55','2025-06-10 07:04:18'),(287,32,17,'2:1','7:5,4:6,1:0','2025-05-17',190,'Šabac',220,102,'2025-06-09 11:35:56','2025-06-10 07:03:55'),(288,32,17,'2:0','6:4,6:4','2025-05-17',191,'Šabac',220,81,'2025-06-09 11:35:56','2025-06-09 11:35:57'),(289,32,17,'2:0','7:6,6:3','2025-05-17',192,'Šabac',230,88,'2025-06-09 11:35:57','2025-06-09 11:35:57'),(290,33,18,'2:0','6:0,6:0','2025-06-06',285,'Pančevo',220,25,'2025-06-09 11:36:10','2025-06-09 11:36:10'),(291,33,18,'2:0','6:1,6:1','2025-06-06',286,'Pančevo',220,39,'2025-06-09 11:36:10','2025-06-09 11:36:10'),(292,33,18,'2:0','7:6,6:4','2025-06-06',287,'Pančevo',230,95,'2025-06-09 11:36:10','2025-06-09 11:36:10'),(293,33,18,'2:0','6:4,6:4','2025-06-06',288,'Pančevo',220,81,'2025-06-09 11:36:11','2025-06-09 11:36:11'),(294,33,18,'2:1','4:6,6:4,1:0','2025-06-06',289,'Pančevo',210,95,'2025-06-09 11:36:11','2025-06-10 07:01:33'),(295,33,18,'2:0','7:5,6:4','2025-06-06',290,'Pančevo',230,88,'2025-06-09 11:36:12','2025-06-09 11:36:12'),(296,33,18,'2:0','6:2,6:4','2025-06-06',291,'Pančevo',220,67,'2025-06-09 11:36:12','2025-06-09 11:36:12'),(297,33,18,'2:1','3:6,7:5,1:0','2025-06-06',292,'Pančevo',210,102,'2025-06-09 11:36:12','2025-06-10 07:01:07'),(298,33,18,'2:0','6:1,6:2','2025-06-06',293,'Pančevo',220,46,'2025-06-09 11:36:13','2025-06-09 11:36:13'),(299,33,18,'2:0','6:2,6:3','2025-06-06',294,'Pančevo',220,60,'2025-06-09 11:36:13','2025-06-09 11:36:13'),(300,33,18,'2:0','6:1,6:3','2025-06-06',295,'Pančevo',220,53,'2025-06-09 11:36:14','2025-06-09 11:36:14'),(301,33,18,'2:1','','2025-06-06',296,'Pančevo',120,32,'2025-06-09 11:36:14','2025-06-09 11:36:14'),(302,33,18,'2:1','4:6,6:2,1:0','2025-06-06',297,'Pančevo',210,81,'2025-06-09 11:36:14','2025-06-10 07:00:48'),(303,33,18,'2:1','4:6,6:2,1:0','2025-06-06',298,'Pančevo',210,81,'2025-06-09 11:36:15','2025-06-10 07:00:28'),(304,33,18,'2:0','6:3,6:3','2025-06-06',299,'Pančevo',220,67,'2025-06-09 11:36:15','2025-06-09 11:36:15'),(305,33,18,'2:0','6:0,6:1','2025-06-06',300,'Pančevo',220,32,'2025-06-09 11:36:16','2025-06-09 11:36:16'),(306,33,18,'2:0','7:5,6:4','2025-06-06',301,'Pančevo',230,88,'2025-06-09 11:36:16','2025-06-09 11:36:16'),(307,33,18,'2:0','6:0,6:4','2025-06-06',302,'Pančevo',220,53,'2025-06-09 11:36:17','2025-06-09 11:36:17'),(308,33,18,'2:0','6:1,6:2','2025-06-06',303,'Pančevo',220,46,'2025-06-09 11:36:17','2025-06-09 11:36:17'),(309,33,18,'2:1','7:5,6:7,1:0','2025-06-06',304,'Pančevo',240,109,'2025-06-09 11:36:17','2025-06-10 07:00:07'),(310,33,18,'2:0','6:3,6:3','2025-06-06',305,'Pančevo',220,67,'2025-06-09 11:36:18','2025-06-09 11:36:18'),(311,33,18,'2:0','7:6,6:3','2025-06-06',306,'Pančevo',230,88,'2025-06-09 11:36:19','2025-06-09 11:36:19'),(312,33,18,'2:1','4:6,6:4,1:0','2025-06-06',307,'Pančevo',210,95,'2025-06-09 11:36:19','2025-06-10 06:59:22'),(313,33,18,'2:0','6:4,7:6','2025-06-06',308,'Pančevo',230,95,'2025-06-09 11:36:20','2025-06-09 11:36:20'),(314,33,18,'2:0','6:4,6:2','2025-06-06',309,'Pančevo',220,67,'2025-06-09 11:36:20','2025-06-09 11:36:20'),(315,33,18,'2:0','6:0,6:0','2025-06-06',310,'Pančevo',220,25,'2025-06-09 11:36:21','2025-06-09 11:36:21'),(316,11,10,'9:3',NULL,'2025-05-16',169,'Beograd',190,46,'2025-06-10 08:06:36','2025-06-10 08:06:36'),(317,11,10,'9:2',NULL,'2025-05-16',170,'Beograd',190,39,'2025-06-10 08:07:21','2025-06-10 08:07:21'),(318,11,10,'9:1',NULL,'2025-05-16',171,'Beograd',190,32,'2025-06-10 08:07:52','2025-06-10 08:07:52'),(319,11,10,'9:1',NULL,'2025-05-16',172,'Beograd',190,32,'2025-06-10 08:08:26','2025-06-10 08:08:26'),(320,11,10,'9:5',NULL,'2025-05-16',173,'Beograd',190,60,'2025-06-10 08:08:51','2025-06-10 08:08:51'),(321,11,10,'9:1',NULL,'2025-05-16',174,'Beograd',190,32,'2025-06-10 08:09:29','2025-06-10 08:09:29'),(322,11,10,'9:5',NULL,'2025-05-16',175,'Beograd',190,60,'2025-06-10 08:10:17','2025-06-10 08:10:17'),(323,11,10,'9:6',NULL,'2025-05-16',176,'Beograd',190,67,'2025-06-10 08:10:44','2025-06-10 08:10:44'),(324,11,10,'9:2',NULL,'2025-05-17',193,'Beograd',190,39,'2025-06-10 08:11:18','2025-06-10 08:11:18'),(325,11,10,'9:4',NULL,'2025-05-17',194,'Beograd',190,53,'2025-06-10 08:11:52','2025-06-10 08:11:52'),(326,11,10,'9:7',NULL,'2025-05-17',195,'Beograd',190,74,'2025-06-10 08:12:22','2025-06-10 08:12:22'),(327,11,10,'9:6',NULL,'2025-05-18',196,'Beograd',190,67,'2025-06-10 08:13:18','2025-06-10 08:13:18'),(328,33,18,'2:1','7:6,3:6,12:10','2025-06-06',311,'Beograd',210,109,'2025-06-10 08:20:41','2025-06-10 08:20:41'),(329,33,18,'2:0','6:3,6:3','2025-06-06',312,'Beograd',220,67,'2025-06-10 08:22:20','2025-06-10 08:22:20'),(330,33,18,'2:0','6:3,6:2','2025-06-06',313,'Beograd',220,60,'2025-06-10 08:23:28','2025-06-10 08:23:28'),(331,33,18,'2:1','4:6,6:2,1:0','2025-06-07',314,'Beograd',210,81,'2025-06-10 08:25:33','2025-06-10 08:25:33'),(332,33,18,'2:0','6:2,6:1','2025-06-07',315,'Beograd',220,46,'2025-06-10 08:27:55','2025-06-10 08:27:55'),(333,33,18,'2:0','6:4,7:5','2025-06-07',316,'Beograd',230,88,'2025-06-10 08:29:24','2025-06-10 08:29:24'),(334,33,18,'2:1','2:6,7:5,1:0','2025-06-07',317,'Beograd',200,102,'2025-06-10 08:32:33','2025-06-10 08:32:33'),(335,33,18,'2:0','6:3,6:3','2025-06-08',318,'Beograd',220,67,'2025-06-10 08:34:25','2025-06-10 08:34:25'),(336,33,18,'2:0','6:1,6:0','2025-06-08',319,'Beograd',220,32,'2025-06-10 08:40:02','2025-06-10 08:40:02'),(337,33,18,'2:0','6:4,6:1','2025-06-08',320,'Beograd',220,60,'2025-06-10 08:43:54','2025-06-10 08:43:54'),(338,33,18,'2:0','6:3,6:0','2025-06-08',321,'Beograd',220,46,'2025-06-10 08:45:15','2025-06-10 08:45:15'),(339,26,1,'9:8',NULL,'2025-06-10',322,'Beograd',165,76,'2025-06-10 16:47:17','2025-06-10 16:47:17'),(340,5,1,'2:0','6:2,6:4','2025-06-11',323,'Beograd',170,57,'2025-06-11 04:35:52','2025-06-11 04:35:53'),(341,7,1,'2:0','6:3,6:2','2025-06-11',324,'Beograd',220,60,'2025-06-11 09:17:48','2025-06-11 09:17:48'),(342,7,1,'2:0','4:1,4:1','2025-06-11',325,'Beograd',130,29,'2025-06-11 09:31:09','2025-06-11 09:31:09'),(343,34,1,'6:5',NULL,'2025-06-12',326,'Beograd',160,60,'2025-06-12 05:19:23','2025-06-12 05:19:24'),(344,21,13,'2:0','6:1,6:3','2025-06-11',326,'Kragujevac',220,53,'2025-06-12 07:30:17','2025-06-12 07:30:17'),(345,7,2,'9:0',NULL,'2025-05-04',127,'Beograd',177,23,'2025-06-13 08:41:42','2025-06-13 08:41:42'),(346,7,2,'9:6',NULL,'2025-05-24',215,'Beograd',190,67,'2025-06-13 08:43:00','2025-06-13 08:43:00'),(347,7,2,'9:1',NULL,'2025-05-28',228,'Beograd',190,32,'2025-06-13 08:43:43','2025-06-13 08:43:43'),(348,7,2,'9:1',NULL,'2025-06-03',275,'Beograd',190,32,'2025-06-13 08:44:30','2025-06-13 08:44:30'),(349,7,2,'9:5',NULL,'2025-06-05',281,'Beograd',190,60,'2025-06-13 08:45:22','2025-06-13 08:45:22'),(350,5,1,'6:4',NULL,'2025-06-13',327,'Beograd',135,48,'2025-06-13 09:37:00','2025-06-13 09:37:00'),(351,35,19,'9:6',NULL,'2025-05-24',216,'Beograd',190,67,'2025-06-13 09:47:06','2025-06-13 09:47:06'),(352,35,19,'9:5',NULL,'2025-05-24',217,'Beograd',190,60,'2025-06-13 09:49:50','2025-06-13 09:49:50'),(353,35,19,'9:5',NULL,'2025-05-24',218,'Beograd',190,60,'2025-06-13 09:51:43','2025-06-13 09:51:43'),(354,35,19,'9:3',NULL,'2025-05-24',219,'Beograd',190,46,'2025-06-13 09:57:16','2025-06-13 09:57:16'),(355,35,19,'9:3',NULL,'2025-05-24',220,'Beograd',190,46,'2025-06-13 10:00:46','2025-06-13 10:00:46'),(356,4,1,'2-1','3-4,4-1,1-0','2025-06-13',328,'Beograd',180,60,'2025-06-13 16:11:40','2025-06-13 16:11:40');
/*!40000 ALTER TABLE `tennis_matches` ENABLE KEYS */;
UNLOCK TABLES;

--
-- Table structure for table `users`
--

DROP TABLE IF EXISTS `users`;
/*!40101 SET @saved_cs_client     = @@character_set_client */;
/*!50503 SET character_set_client = utf8mb4 */;
CREATE TABLE `users` (
  `id` bigint unsigned NOT NULL AUTO_INCREMENT,
  `name` varchar(255) COLLATE utf8mb4_unicode_ci NOT NULL,
  `username` varchar(255) COLLATE utf8mb4_unicode_ci NOT NULL,
  `email` varchar(255) COLLATE utf8mb4_unicode_ci NOT NULL,
  `email_verified_at` timestamp NULL DEFAULT NULL,
  `password` varchar(255) COLLATE utf8mb4_unicode_ci NOT NULL,
  `remember_token` varchar(100) COLLATE utf8mb4_unicode_ci DEFAULT NULL,
  `created_at` timestamp NULL DEFAULT NULL,
  `updated_at` timestamp NULL DEFAULT NULL,
  PRIMARY KEY (`id`),
  UNIQUE KEY `users_username_unique` (`username`),
  UNIQUE KEY `users_email_unique` (`email`)
) ENGINE=InnoDB AUTO_INCREMENT=3 DEFAULT CHARSET=utf8mb4 COLLATE=utf8mb4_unicode_ci;
/*!40101 SET character_set_client = @saved_cs_client */;

--
-- Dumping data for table `users`
--

LOCK TABLES `users` WRITE;
/*!40000 ALTER TABLE `users` DISABLE KEYS */;
INSERT INTO `users` VALUES (1,'Nikola Tosic','admin','nikola@openinnovation.me','2025-06-01 14:05:54','$2y$12$zTefiJlcG/2mfogp4YDV3udTTR1iS3fEFYtTT3VZMzqmq9JvywvDS','ayYyguQxRpU8lAKwLHIrhqLYlqJtdMwxTRkNySvRYwHa4aOuzI7vLIqjFv1x','2025-06-01 14:05:54','2025-06-02 05:41:54'),(2,'Bogdan Randjelovic','bogdan','bogdan@openinnovation.me','2025-06-01 14:05:54','$2y$12$2gGRGZ1vLsOoCy1bbUh/JeMPx1b3lbLdOqm8px5O9/c68mIJ4R8W6','DG5kZy9TyukHi61I5PqLQfeoxusm9FzBMkEXt7iowlK9B6vGu7NDxIkUXpZV','2025-06-01 14:05:54','2025-06-01 14:05:54');
/*!40000 ALTER TABLE `users` ENABLE KEYS */;
UNLOCK TABLES;
/*!40103 SET TIME_ZONE=@OLD_TIME_ZONE */;

/*!40101 SET SQL_MODE=@OLD_SQL_MODE */;
/*!40014 SET FOREIGN_KEY_CHECKS=@OLD_FOREIGN_KEY_CHECKS */;
/*!40014 SET UNIQUE_CHECKS=@OLD_UNIQUE_CHECKS */;
/*!40101 SET CHARACTER_SET_CLIENT=@OLD_CHARACTER_SET_CLIENT */;
/*!40101 SET CHARACTER_SET_RESULTS=@OLD_CHARACTER_SET_RESULTS */;
/*!40101 SET COLLATION_CONNECTION=@OLD_COLLATION_CONNECTION */;
/*!40111 SET SQL_NOTES=@OLD_SQL_NOTES */;

-- Dump completed on 2025-06-13 20:20:40
