-- MySQL dump 10.13  Distrib 8.0.42, for Linux (x86_64)
--
-- Host: localhost    Database: srpskatenisliga
-- ------------------------------------------------------
-- Server version	8.0.42-0ubuntu0.22.04.1

/*!40101 SET @OLD_CHARACTER_SET_CLIENT=@@CHARACTER_SET_CLIENT */;
/*!40101 SET @OLD_CHARACTER_SET_RESULTS=@@CHARACTER_SET_RESULTS */;
/*!40101 SET @OLD_COLLATION_CONNECTION=@@COLLATION_CONNECTION */;
/*!50503 SET NAMES utf8mb4 */;
/*!40103 SET @OLD_TIME_ZONE=@@TIME_ZONE */;
/*!40103 SET TIME_ZONE='+00:00' */;
/*!40014 SET @OLD_UNIQUE_CHECKS=@@UNIQUE_CHECKS, UNIQUE_CHECKS=0 */;
/*!40014 SET @OLD_FOREIGN_KEY_CHECKS=@@FOREIGN_KEY_CHECKS, FOREIGN_KEY_CHECKS=0 */;
/*!40101 SET @OLD_SQL_MODE=@@SQL_MODE, SQL_MODE='NO_AUTO_VALUE_ON_ZERO' */;
/*!40111 SET @OLD_SQL_NOTES=@@SQL_NOTES, SQL_NOTES=0 */;

--
-- Table structure for table `cache`
--

DROP TABLE IF EXISTS `cache`;
/*!40101 SET @saved_cs_client     = @@character_set_client */;
/*!50503 SET character_set_client = utf8mb4 */;
CREATE TABLE `cache` (
  `key` varchar(255) COLLATE utf8mb4_unicode_ci NOT NULL,
  `value` mediumtext COLLATE utf8mb4_unicode_ci NOT NULL,
  `expiration` int NOT NULL,
  PRIMARY KEY (`key`)
) ENGINE=InnoDB DEFAULT CHARSET=utf8mb4 COLLATE=utf8mb4_unicode_ci;
/*!40101 SET character_set_client = @saved_cs_client */;

--
-- Dumping data for table `cache`
--

LOCK TABLES `cache` WRITE;
/*!40000 ALTER TABLE `cache` DISABLE KEYS */;
/*!40000 ALTER TABLE `cache` ENABLE KEYS */;
UNLOCK TABLES;

--
-- Table structure for table `cache_locks`
--

DROP TABLE IF EXISTS `cache_locks`;
/*!40101 SET @saved_cs_client     = @@character_set_client */;
/*!50503 SET character_set_client = utf8mb4 */;
CREATE TABLE `cache_locks` (
  `key` varchar(255) COLLATE utf8mb4_unicode_ci NOT NULL,
  `owner` varchar(255) COLLATE utf8mb4_unicode_ci NOT NULL,
  `expiration` int NOT NULL,
  PRIMARY KEY (`key`)
) ENGINE=InnoDB DEFAULT CHARSET=utf8mb4 COLLATE=utf8mb4_unicode_ci;
/*!40101 SET character_set_client = @saved_cs_client */;

--
-- Dumping data for table `cache_locks`
--

LOCK TABLES `cache_locks` WRITE;
/*!40000 ALTER TABLE `cache_locks` DISABLE KEYS */;
/*!40000 ALTER TABLE `cache_locks` ENABLE KEYS */;
UNLOCK TABLES;

--
-- Table structure for table `courts`
--

DROP TABLE IF EXISTS `courts`;
/*!40101 SET @saved_cs_client     = @@character_set_client */;
/*!50503 SET character_set_client = utf8mb4 */;
CREATE TABLE `courts` (
  `id` bigint unsigned NOT NULL AUTO_INCREMENT,
  `name` varchar(255) COLLATE utf8mb4_unicode_ci NOT NULL,
  `link` varchar(255) COLLATE utf8mb4_unicode_ci NOT NULL,
  `created_at` timestamp NULL DEFAULT NULL,
  `updated_at` timestamp NULL DEFAULT NULL,
  PRIMARY KEY (`id`)
) ENGINE=InnoDB AUTO_INCREMENT=22 DEFAULT CHARSET=utf8mb4 COLLATE=utf8mb4_unicode_ci;
/*!40101 SET character_set_client = @saved_cs_client */;

--
-- Dumping data for table `courts`
--

LOCK TABLES `courts` WRITE;
/*!40000 ALTER TABLE `courts` DISABLE KEYS */;
INSERT INTO `courts` VALUES (1,'','','2025-05-31 17:02:56','2025-05-31 17:02:56'),(2,'Beogradski Teniski Klub','https://www.beogradskiteniskiklub.com/','2025-05-31 17:02:56','2025-05-31 17:02:56'),(3,'SC Karović','https://www.instagram.com/sckarovic/','2025-05-31 17:02:56','2025-05-31 17:02:56'),(4,'Racket Country Club','https://racketcountryclub.com/','2025-05-31 17:02:56','2025-05-31 17:02:56'),(5,'Premium','https://premiumtennis.net/','2025-05-31 17:02:56','2025-05-31 17:02:56'),(7,'Topaco','https://tktopaco.com/','2025-05-31 17:02:56','2025-05-31 17:02:56'),(11,'Baseline','https://baselinetns.com/','2025-05-31 17:02:56','2025-05-31 17:02:56'),(12,'Padel Centar Košutnjak','https://padelcentar.rs/','2025-05-31 17:02:56','2025-05-31 17:02:56'),(13,'Lucky club','','2025-05-31 17:02:56','2025-05-31 17:02:56'),(14,'Green Bay','https://greenbay.rs/','2025-05-31 17:02:56','2025-05-31 17:02:56'),(15,'Veterinarski park','https://maps.app.goo.gl/WzxHg2nHLL8JcxuNA','2025-05-31 17:02:56','2025-05-31 17:02:56'),(16,'Tennis Palladio 98','https://tennispalladio98.it/','2025-05-31 17:02:56','2025-05-31 17:02:56'),(17,'La Pineta Verona','https://www.tennispadelpineta.it/','2025-05-31 17:02:56','2025-05-31 17:02:56'),(18,'Salonica Tennis Club','https://www.salonicatennis.gr/','2025-05-31 17:02:56','2025-05-31 17:02:56'),(19,'DIF','https://maps.app.goo.gl/wpngkn8PWGqJfwmV9','2025-05-31 17:02:56','2025-05-31 17:02:56'),(20,'Čonkić Tennis Academy','https://conkicacademy.com/','2025-05-31 17:02:56','2025-05-31 17:02:56'),(21,'Stanovo Kragujevac','','2025-05-31 17:02:56','2025-05-31 17:02:56');
/*!40000 ALTER TABLE `courts` ENABLE KEYS */;
UNLOCK TABLES;

--
-- Table structure for table `failed_jobs`
--

DROP TABLE IF EXISTS `failed_jobs`;
/*!40101 SET @saved_cs_client     = @@character_set_client */;
/*!50503 SET character_set_client = utf8mb4 */;
CREATE TABLE `failed_jobs` (
  `id` bigint unsigned NOT NULL AUTO_INCREMENT,
  `uuid` varchar(255) COLLATE utf8mb4_unicode_ci NOT NULL,
  `connection` text COLLATE utf8mb4_unicode_ci NOT NULL,
  `queue` text COLLATE utf8mb4_unicode_ci NOT NULL,
  `payload` longtext COLLATE utf8mb4_unicode_ci NOT NULL,
  `exception` longtext COLLATE utf8mb4_unicode_ci NOT NULL,
  `failed_at` timestamp NOT NULL DEFAULT CURRENT_TIMESTAMP,
  PRIMARY KEY (`id`),
  UNIQUE KEY `failed_jobs_uuid_unique` (`uuid`)
) ENGINE=InnoDB DEFAULT CHARSET=utf8mb4 COLLATE=utf8mb4_unicode_ci;
/*!40101 SET character_set_client = @saved_cs_client */;

--
-- Dumping data for table `failed_jobs`
--

LOCK TABLES `failed_jobs` WRITE;
/*!40000 ALTER TABLE `failed_jobs` DISABLE KEYS */;
/*!40000 ALTER TABLE `failed_jobs` ENABLE KEYS */;
UNLOCK TABLES;

--
-- Table structure for table `job_batches`
--

DROP TABLE IF EXISTS `job_batches`;
/*!40101 SET @saved_cs_client     = @@character_set_client */;
/*!50503 SET character_set_client = utf8mb4 */;
CREATE TABLE `job_batches` (
  `id` varchar(255) COLLATE utf8mb4_unicode_ci NOT NULL,
  `name` varchar(255) COLLATE utf8mb4_unicode_ci NOT NULL,
  `total_jobs` int NOT NULL,
  `pending_jobs` int NOT NULL,
  `failed_jobs` int NOT NULL,
  `failed_job_ids` longtext COLLATE utf8mb4_unicode_ci NOT NULL,
  `options` mediumtext COLLATE utf8mb4_unicode_ci,
  `cancelled_at` int DEFAULT NULL,
  `created_at` int NOT NULL,
  `finished_at` int DEFAULT NULL,
  PRIMARY KEY (`id`)
) ENGINE=InnoDB DEFAULT CHARSET=utf8mb4 COLLATE=utf8mb4_unicode_ci;
/*!40101 SET character_set_client = @saved_cs_client */;

--
-- Dumping data for table `job_batches`
--

LOCK TABLES `job_batches` WRITE;
/*!40000 ALTER TABLE `job_batches` DISABLE KEYS */;
/*!40000 ALTER TABLE `job_batches` ENABLE KEYS */;
UNLOCK TABLES;

--
-- Table structure for table `jobs`
--

DROP TABLE IF EXISTS `jobs`;
/*!40101 SET @saved_cs_client     = @@character_set_client */;
/*!50503 SET character_set_client = utf8mb4 */;
CREATE TABLE `jobs` (
  `id` bigint unsigned NOT NULL AUTO_INCREMENT,
  `queue` varchar(255) COLLATE utf8mb4_unicode_ci NOT NULL,
  `payload` longtext COLLATE utf8mb4_unicode_ci NOT NULL,
  `attempts` tinyint unsigned NOT NULL,
  `reserved_at` int unsigned DEFAULT NULL,
  `available_at` int unsigned NOT NULL,
  `created_at` int unsigned NOT NULL,
  PRIMARY KEY (`id`),
  KEY `jobs_queue_index` (`queue`)
) ENGINE=InnoDB DEFAULT CHARSET=utf8mb4 COLLATE=utf8mb4_unicode_ci;
/*!40101 SET character_set_client = @saved_cs_client */;

--
-- Dumping data for table `jobs`
--

LOCK TABLES `jobs` WRITE;
/*!40000 ALTER TABLE `jobs` DISABLE KEYS */;
/*!40000 ALTER TABLE `jobs` ENABLE KEYS */;
UNLOCK TABLES;

--
-- Table structure for table `leagues`
--

DROP TABLE IF EXISTS `leagues`;
/*!40101 SET @saved_cs_client     = @@character_set_client */;
/*!50503 SET character_set_client = utf8mb4 */;
CREATE TABLE `leagues` (
  `id` bigint unsigned NOT NULL AUTO_INCREMENT,
  `created_at` timestamp NULL DEFAULT NULL,
  `updated_at` timestamp NULL DEFAULT NULL,
  `name` varchar(255) COLLATE utf8mb4_unicode_ci NOT NULL,
  `uri` varchar(255) COLLATE utf8mb4_unicode_ci NOT NULL DEFAULT '',
  `county` varchar(255) COLLATE utf8mb4_unicode_ci NOT NULL DEFAULT '?',
  `date_begin` date NOT NULL DEFAULT '2025-05-30',
  `date_end` date NOT NULL DEFAULT '2025-05-31',
  `link` varchar(255) COLLATE utf8mb4_unicode_ci NOT NULL,
  `court_id` bigint unsigned NOT NULL DEFAULT '1',
  PRIMARY KEY (`id`),
  KEY `leagues_court_id_foreign` (`court_id`),
  CONSTRAINT `leagues_court_id_foreign` FOREIGN KEY (`court_id`) REFERENCES `courts` (`id`) ON DELETE CASCADE
) ENGINE=InnoDB AUTO_INCREMENT=14 DEFAULT CHARSET=utf8mb4 COLLATE=utf8mb4_unicode_ci;
/*!40101 SET character_set_client = @saved_cs_client */;

--
-- Dumping data for table `leagues`
--

LOCK TABLES `leagues` WRITE;
/*!40000 ALTER TABLE `leagues` DISABLE KEYS */;
INSERT INTO `leagues` VALUES (1,'2025-05-31 17:03:05','2025-05-31 17:03:05','sparing','','?','2025-05-30','2025-05-31','',1),(2,'2025-05-31 17:03:05','2025-05-31 17:03:05','Topaco Letnja Liga 2025','topaco-letnja-liga-2025','Beograd','2025-05-30','2025-05-31','',1),(3,'2025-05-31 17:03:05','2025-05-31 17:03:05','BTK Letnja Liga 2025','btk-letnja-liga-2025','Beograd','2025-05-30','2025-05-31','',1),(9,'2025-05-31 17:03:05','2025-05-31 17:03:05','Baseline Letnja Liga 2025','baseline-letnja-liga-2025','Beograd','2025-05-30','2025-05-31','',1),(10,'2025-05-31 17:03:05','2025-05-31 17:03:05','Baseline Beograd Open Turnir 2025','baseline-beograd-open-turnir-2025','Beograd','2025-05-30','2025-05-31','',1),(11,'2025-05-31 17:03:05','2025-05-31 17:03:05','Prvenstvo Veterana Doboj Turnir 2025','prvenstvo-veterana-doboj-turnir-2025','Republika Srpska','2025-05-30','2025-05-31','',1),(12,'2025-05-31 17:03:05','2025-05-31 17:03:05','Vojvodina Open Turnir 2025','vojvodina-open-turnir-2025','Novi Sad','2025-05-30','2025-05-31','',1),(13,'2025-05-31 17:03:05','2025-05-31 17:03:05','Stanovo Open Turnir 2025','stanovo-open-turnir-2025','Kragujevac','2025-05-30','2025-05-31','',1);
/*!40000 ALTER TABLE `leagues` ENABLE KEYS */;
UNLOCK TABLES;

--
-- Table structure for table `match_players`
--

DROP TABLE IF EXISTS `match_players`;
/*!40101 SET @saved_cs_client     = @@character_set_client */;
/*!50503 SET character_set_client = utf8mb4 */;
CREATE TABLE `match_players` (
  `id` bigint unsigned NOT NULL AUTO_INCREMENT,
  `tennis_match_id` bigint unsigned NOT NULL,
  `player_id` bigint unsigned NOT NULL,
  `team` enum('winner','loser') COLLATE utf8mb4_unicode_ci NOT NULL,
  `created_at` timestamp NULL DEFAULT NULL,
  `updated_at` timestamp NULL DEFAULT NULL,
  PRIMARY KEY (`id`),
  KEY `match_players_tennis_match_id_foreign` (`tennis_match_id`),
  KEY `match_players_player_id_foreign` (`player_id`),
  CONSTRAINT `match_players_player_id_foreign` FOREIGN KEY (`player_id`) REFERENCES `players` (`id`) ON DELETE CASCADE,
  CONSTRAINT `match_players_tennis_match_id_foreign` FOREIGN KEY (`tennis_match_id`) REFERENCES `tennis_matches` (`id`) ON DELETE CASCADE
) ENGINE=InnoDB AUTO_INCREMENT=267 DEFAULT CHARSET=utf8mb4 COLLATE=utf8mb4_unicode_ci;
/*!40101 SET character_set_client = @saved_cs_client */;

--
-- Dumping data for table `match_players`
--

LOCK TABLES `match_players` WRITE;
/*!40000 ALTER TABLE `match_players` DISABLE KEYS */;
INSERT INTO `match_players` VALUES (1,1,12,'winner','2025-05-31 17:03:15','2025-05-31 17:03:15'),(2,1,13,'loser','2025-05-31 17:03:15','2025-05-31 17:03:15'),(3,2,4,'winner','2025-05-31 17:03:15','2025-05-31 17:03:15'),(4,2,13,'loser','2025-05-31 17:03:15','2025-05-31 17:03:15'),(5,3,2,'winner','2025-05-31 17:03:15','2025-05-31 17:03:15'),(6,3,13,'loser','2025-05-31 17:03:15','2025-05-31 17:03:15'),(7,4,11,'winner','2025-05-31 17:03:15','2025-05-31 17:03:15'),(8,4,12,'loser','2025-05-31 17:03:15','2025-05-31 17:03:15'),(9,5,2,'winner','2025-05-31 17:03:15','2025-05-31 17:03:15'),(10,5,11,'loser','2025-05-31 17:03:15','2025-05-31 17:03:15'),(11,6,11,'winner','2025-05-31 17:03:15','2025-05-31 17:03:15'),(12,6,13,'loser','2025-05-31 17:03:15','2025-05-31 17:03:15'),(13,7,2,'winner','2025-05-31 17:03:15','2025-05-31 17:03:15'),(14,7,11,'loser','2025-05-31 17:03:15','2025-05-31 17:03:15'),(15,8,3,'winner','2025-05-31 17:03:15','2025-05-31 17:03:15'),(16,8,13,'loser','2025-05-31 17:03:15','2025-05-31 17:03:15'),(17,9,4,'winner','2025-05-31 17:03:15','2025-05-31 17:03:15'),(18,9,13,'loser','2025-05-31 17:03:15','2025-05-31 17:03:15'),(19,10,7,'winner','2025-05-31 17:03:15','2025-05-31 17:03:15'),(20,10,13,'loser','2025-05-31 17:03:15','2025-05-31 17:03:15'),(21,11,2,'winner','2025-05-31 17:03:15','2025-05-31 17:03:15'),(22,11,8,'loser','2025-05-31 17:03:15','2025-05-31 17:03:15'),(23,12,11,'winner','2025-05-31 17:03:15','2025-05-31 17:03:15'),(24,12,13,'loser','2025-05-31 17:03:15','2025-05-31 17:03:15'),(25,13,2,'winner','2025-05-31 17:03:15','2025-05-31 17:03:15'),(26,13,12,'loser','2025-05-31 17:03:15','2025-05-31 17:03:15'),(27,14,4,'winner','2025-05-31 17:03:15','2025-05-31 17:03:15'),(28,14,13,'loser','2025-05-31 17:03:15','2025-05-31 17:03:15'),(29,15,11,'winner','2025-05-31 17:03:15','2025-05-31 17:03:15'),(30,15,12,'loser','2025-05-31 17:03:15','2025-05-31 17:03:15'),(31,16,3,'winner','2025-05-31 17:03:15','2025-05-31 17:03:15'),(32,16,11,'loser','2025-05-31 17:03:15','2025-05-31 17:03:15'),(33,17,1,'winner','2025-05-31 17:03:15','2025-05-31 17:03:15'),(34,17,2,'loser','2025-05-31 17:03:15','2025-05-31 17:03:15'),(35,18,13,'winner','2025-05-31 17:03:15','2025-05-31 17:03:15'),(36,18,10,'loser','2025-05-31 17:03:15','2025-05-31 17:03:15'),(37,19,6,'winner','2025-05-31 17:03:15','2025-05-31 17:03:15'),(38,19,9,'loser','2025-05-31 17:03:15','2025-05-31 17:03:15'),(39,20,2,'winner','2025-05-31 17:03:15','2025-05-31 17:03:15'),(40,20,11,'loser','2025-05-31 17:03:15','2025-05-31 17:03:15'),(41,21,1,'winner','2025-05-31 17:03:15','2025-05-31 17:03:15'),(42,21,12,'loser','2025-05-31 17:03:15','2025-05-31 17:03:15'),(43,22,1,'winner','2025-05-31 17:03:15','2025-05-31 17:03:15'),(44,22,11,'loser','2025-05-31 17:03:15','2025-05-31 17:03:15'),(45,23,1,'winner','2025-05-31 17:03:15','2025-05-31 17:03:15'),(46,23,11,'loser','2025-05-31 17:03:15','2025-05-31 17:03:15'),(47,24,4,'winner','2025-05-31 17:03:15','2025-05-31 17:03:15'),(48,24,13,'loser','2025-05-31 17:03:15','2025-05-31 17:03:15'),(49,25,2,'winner','2025-05-31 17:03:15','2025-05-31 17:03:15'),(50,25,11,'loser','2025-05-31 17:03:15','2025-05-31 17:03:15'),(51,26,3,'winner','2025-05-31 17:03:15','2025-05-31 17:03:15'),(52,26,1,'loser','2025-05-31 17:03:15','2025-05-31 17:03:15'),(53,27,1,'winner','2025-05-31 17:03:15','2025-05-31 17:03:15'),(54,27,13,'loser','2025-05-31 17:03:15','2025-05-31 17:03:15'),(55,28,1,'winner','2025-05-31 17:03:15','2025-05-31 17:03:15'),(56,28,2,'loser','2025-05-31 17:03:15','2025-05-31 17:03:15'),(57,29,5,'winner','2025-05-31 17:03:15','2025-05-31 17:03:15'),(58,29,13,'loser','2025-05-31 17:03:15','2025-05-31 17:03:15'),(59,30,3,'winner','2025-05-31 17:03:15','2025-05-31 17:03:15'),(60,30,1,'loser','2025-05-31 17:03:15','2025-05-31 17:03:15'),(61,31,13,'winner','2025-05-31 17:03:15','2025-05-31 17:03:15'),(62,31,14,'loser','2025-05-31 17:03:15','2025-05-31 17:03:15'),(63,32,15,'winner','2025-05-31 17:03:15','2025-05-31 17:03:15'),(64,32,14,'loser','2025-05-31 17:03:15','2025-05-31 17:03:15'),(65,33,1,'winner','2025-05-31 17:03:15','2025-05-31 17:03:15'),(66,33,13,'loser','2025-05-31 17:03:15','2025-05-31 17:03:15'),(67,34,16,'winner','2025-05-31 17:03:15','2025-05-31 17:03:15'),(68,34,17,'loser','2025-05-31 17:03:15','2025-05-31 17:03:15'),(69,35,2,'winner','2025-05-31 17:03:15','2025-05-31 17:03:15'),(70,35,13,'loser','2025-05-31 17:03:15','2025-05-31 17:03:15'),(71,36,5,'winner','2025-05-31 17:03:15','2025-05-31 17:03:15'),(72,36,13,'loser','2025-05-31 17:03:15','2025-05-31 17:03:15'),(73,37,18,'winner','2025-05-31 17:03:15','2025-05-31 17:03:15'),(74,37,13,'loser','2025-05-31 17:03:15','2025-05-31 17:03:15'),(75,38,17,'winner','2025-05-31 17:03:15','2025-05-31 17:03:15'),(76,38,16,'loser','2025-05-31 17:03:15','2025-05-31 17:03:15'),(77,39,14,'winner','2025-05-31 17:03:15','2025-05-31 17:03:15'),(78,39,15,'loser','2025-05-31 17:03:15','2025-05-31 17:03:15'),(79,40,4,'winner','2025-05-31 17:03:15','2025-05-31 17:03:15'),(80,40,13,'loser','2025-05-31 17:03:15','2025-05-31 17:03:15'),(81,41,1,'winner','2025-05-31 17:03:15','2025-05-31 17:03:15'),(82,41,13,'loser','2025-05-31 17:03:15','2025-05-31 17:03:15'),(83,42,1,'winner','2025-05-31 17:03:15','2025-05-31 17:03:15'),(84,42,2,'loser','2025-05-31 17:03:15','2025-05-31 17:03:15'),(85,43,11,'winner','2025-05-31 17:03:15','2025-05-31 17:03:15'),(86,43,13,'loser','2025-05-31 17:03:15','2025-05-31 17:03:15'),(87,44,1,'winner','2025-05-31 17:03:15','2025-05-31 17:03:15'),(88,44,11,'loser','2025-05-31 17:03:15','2025-05-31 17:03:15'),(89,45,1,'winner','2025-05-31 17:03:15','2025-05-31 17:03:15'),(90,45,21,'loser','2025-05-31 17:03:15','2025-05-31 17:03:15'),(91,46,2,'winner','2025-05-31 17:03:15','2025-05-31 17:03:15'),(92,46,22,'loser','2025-05-31 17:03:15','2025-05-31 17:03:15'),(93,47,7,'winner','2025-05-31 17:03:15','2025-05-31 17:03:15'),(94,47,13,'loser','2025-05-31 17:03:15','2025-05-31 17:03:15'),(95,48,2,'winner','2025-05-31 17:03:15','2025-05-31 17:03:15'),(96,48,23,'loser','2025-05-31 17:03:15','2025-05-31 17:03:15'),(97,49,1,'winner','2025-05-31 17:03:15','2025-05-31 17:03:15'),(98,49,22,'loser','2025-05-31 17:03:15','2025-05-31 17:03:15'),(99,50,1,'winner','2025-05-31 17:03:15','2025-05-31 17:03:15'),(100,50,2,'loser','2025-05-31 17:03:15','2025-05-31 17:03:15'),(101,51,24,'winner','2025-05-31 17:03:15','2025-05-31 17:03:15'),(102,51,13,'loser','2025-05-31 17:03:15','2025-05-31 17:03:15'),(103,52,13,'winner','2025-05-31 17:03:15','2025-05-31 17:03:15'),(104,52,21,'loser','2025-05-31 17:03:15','2025-05-31 17:03:15'),(105,53,25,'winner','2025-05-31 17:03:15','2025-05-31 17:03:15'),(106,53,26,'loser','2025-05-31 17:03:15','2025-05-31 17:03:15'),(107,54,2,'winner','2025-05-31 17:03:15','2025-05-31 17:03:15'),(108,54,27,'loser','2025-05-31 17:03:15','2025-05-31 17:03:15'),(109,55,1,'winner','2025-05-31 17:03:15','2025-05-31 17:03:15'),(110,55,11,'loser','2025-05-31 17:03:15','2025-05-31 17:03:15'),(111,56,1,'winner','2025-05-31 17:03:15','2025-05-31 17:03:15'),(112,56,21,'loser','2025-05-31 17:03:15','2025-05-31 17:03:15'),(113,57,13,'winner','2025-05-31 17:03:15','2025-05-31 17:03:15'),(114,57,28,'loser','2025-05-31 17:03:15','2025-05-31 17:03:15'),(115,58,8,'winner','2025-05-31 17:03:15','2025-05-31 17:03:15'),(116,58,13,'loser','2025-05-31 17:03:15','2025-05-31 17:03:15'),(117,59,2,'winner','2025-05-31 17:03:15','2025-05-31 17:03:15'),(118,59,1,'loser','2025-05-31 17:03:15','2025-05-31 17:03:15'),(119,60,3,'winner','2025-05-31 17:03:15','2025-05-31 17:03:15'),(120,60,11,'loser','2025-05-31 17:03:15','2025-05-31 17:03:15'),(121,61,11,'winner','2025-05-31 17:03:15','2025-05-31 17:03:15'),(122,61,7,'loser','2025-05-31 17:03:15','2025-05-31 17:03:15'),(123,62,2,'winner','2025-05-31 17:03:15','2025-05-31 17:03:15'),(124,62,13,'loser','2025-05-31 17:03:15','2025-05-31 17:03:15'),(125,63,11,'winner','2025-05-31 17:03:15','2025-05-31 17:03:15'),(126,63,5,'loser','2025-05-31 17:03:15','2025-05-31 17:03:15'),(127,64,1,'winner','2025-05-31 17:03:15','2025-05-31 17:03:15'),(128,64,11,'loser','2025-05-31 17:03:15','2025-05-31 17:03:15'),(129,65,21,'winner','2025-05-31 17:03:15','2025-05-31 17:03:15'),(130,65,13,'loser','2025-05-31 17:03:15','2025-05-31 17:03:15'),(131,66,13,'winner','2025-05-31 17:03:15','2025-05-31 17:03:15'),(132,66,11,'loser','2025-05-31 17:03:15','2025-05-31 17:03:15'),(133,67,1,'winner','2025-05-31 17:03:15','2025-05-31 17:03:15'),(134,67,2,'loser','2025-05-31 17:03:15','2025-05-31 17:03:15'),(135,68,2,'winner','2025-05-31 17:03:15','2025-05-31 17:03:15'),(136,68,13,'loser','2025-05-31 17:03:15','2025-05-31 17:03:15'),(137,69,5,'winner','2025-05-31 17:03:15','2025-05-31 17:03:15'),(138,69,13,'loser','2025-05-31 17:03:15','2025-05-31 17:03:15'),(139,70,13,'winner','2025-05-31 17:03:15','2025-05-31 17:03:15'),(140,70,29,'loser','2025-05-31 17:03:15','2025-05-31 17:03:15'),(141,71,1,'winner','2025-05-31 17:03:15','2025-05-31 17:03:15'),(142,71,15,'loser','2025-05-31 17:03:15','2025-05-31 17:03:15'),(143,72,2,'winner','2025-05-31 17:03:15','2025-05-31 17:03:15'),(144,72,11,'loser','2025-05-31 17:03:15','2025-05-31 17:03:15'),(145,73,30,'winner','2025-05-31 17:03:15','2025-05-31 17:03:15'),(146,73,31,'loser','2025-05-31 17:03:15','2025-05-31 17:03:15'),(147,74,3,'winner','2025-05-31 17:03:15','2025-05-31 17:03:15'),(148,74,2,'loser','2025-05-31 17:03:15','2025-05-31 17:03:15'),(149,75,11,'winner','2025-05-31 17:03:15','2025-05-31 17:03:15'),(150,75,34,'loser','2025-05-31 17:03:15','2025-05-31 17:03:15'),(151,76,2,'winner','2025-05-31 17:03:15','2025-05-31 17:03:15'),(152,76,27,'loser','2025-05-31 17:03:15','2025-05-31 17:03:15'),(153,77,22,'winner','2025-05-31 17:03:15','2025-05-31 17:03:15'),(154,77,13,'loser','2025-05-31 17:03:15','2025-05-31 17:03:15'),(155,78,28,'winner','2025-05-31 17:03:15','2025-05-31 17:03:15'),(156,78,35,'loser','2025-05-31 17:03:15','2025-05-31 17:03:15'),(157,79,1,'winner','2025-05-31 17:03:15','2025-05-31 17:03:15'),(158,79,11,'loser','2025-05-31 17:03:15','2025-05-31 17:03:15'),(159,80,2,'winner','2025-05-31 17:03:15','2025-05-31 17:03:15'),(160,80,13,'loser','2025-05-31 17:03:15','2025-05-31 17:03:15'),(161,81,24,'winner','2025-05-31 17:03:15','2025-05-31 17:03:15'),(162,81,13,'loser','2025-05-31 17:03:15','2025-05-31 17:03:15'),(163,82,11,'winner','2025-05-31 17:03:15','2025-05-31 17:03:15'),(164,82,21,'loser','2025-05-31 17:03:15','2025-05-31 17:03:15'),(165,83,37,'winner','2025-05-31 17:03:15','2025-05-31 17:03:15'),(166,83,13,'loser','2025-05-31 17:03:15','2025-05-31 17:03:15'),(167,84,38,'winner','2025-05-31 17:03:15','2025-05-31 17:03:15'),(168,84,5,'loser','2025-05-31 17:03:15','2025-05-31 17:03:15'),(169,85,37,'winner','2025-05-31 17:03:15','2025-05-31 17:03:15'),(170,85,13,'loser','2025-05-31 17:03:15','2025-05-31 17:03:15'),(171,86,34,'winner','2025-05-31 17:03:15','2025-05-31 17:03:15'),(172,86,13,'loser','2025-05-31 17:03:15','2025-05-31 17:03:15'),(173,87,1,'winner','2025-05-31 17:03:15','2025-05-31 17:03:15'),(174,87,11,'loser','2025-05-31 17:03:15','2025-05-31 17:03:15'),(175,88,2,'winner','2025-05-31 17:03:15','2025-05-31 17:03:15'),(176,88,11,'loser','2025-05-31 17:03:15','2025-05-31 17:03:15'),(177,89,1,'winner','2025-05-31 17:03:15','2025-05-31 17:03:15'),(178,89,11,'loser','2025-05-31 17:03:15','2025-05-31 17:03:15'),(179,90,39,'winner','2025-05-31 17:03:15','2025-05-31 17:03:15'),(180,90,40,'loser','2025-05-31 17:03:15','2025-05-31 17:03:15'),(181,91,41,'winner','2025-05-31 17:03:15','2025-05-31 17:03:15'),(182,91,13,'loser','2025-05-31 17:03:15','2025-05-31 17:03:15'),(183,92,3,'winner','2025-05-31 17:03:15','2025-05-31 17:03:15'),(184,92,2,'loser','2025-05-31 17:03:15','2025-05-31 17:03:15'),(185,93,4,'winner','2025-05-31 17:03:15','2025-05-31 17:03:15'),(186,93,13,'loser','2025-05-31 17:03:15','2025-05-31 17:03:15'),(187,94,13,'winner','2025-05-31 17:03:15','2025-05-31 17:03:15'),(188,94,42,'loser','2025-05-31 17:03:15','2025-05-31 17:03:15'),(189,95,13,'winner','2025-05-31 17:03:15','2025-05-31 17:03:15'),(190,95,5,'loser','2025-05-31 17:03:15','2025-05-31 17:03:15'),(191,96,1,'winner','2025-05-31 17:03:15','2025-05-31 17:03:15'),(192,96,11,'loser','2025-05-31 17:03:15','2025-05-31 17:03:15'),(193,97,13,'winner','2025-05-31 17:03:15','2025-05-31 17:03:15'),(194,97,43,'loser','2025-05-31 17:03:15','2025-05-31 17:03:15'),(195,98,44,'winner','2025-05-31 17:03:15','2025-05-31 17:03:15'),(196,98,13,'loser','2025-05-31 17:03:15','2025-05-31 17:03:15'),(197,99,1,'winner','2025-05-31 17:03:15','2025-05-31 17:03:15'),(198,99,2,'loser','2025-05-31 17:03:15','2025-05-31 17:03:15'),(199,100,2,'winner','2025-05-31 17:03:15','2025-05-31 17:03:15'),(200,100,45,'loser','2025-05-31 17:03:15','2025-05-31 17:03:15'),(201,101,44,'winner','2025-05-31 17:03:15','2025-05-31 17:03:15'),(202,101,46,'loser','2025-05-31 17:03:15','2025-05-31 17:03:15'),(203,102,47,'winner','2025-05-31 17:03:15','2025-05-31 17:03:15'),(204,102,11,'loser','2025-05-31 17:03:15','2025-05-31 17:03:15'),(205,103,13,'winner','2025-05-31 17:03:15','2025-05-31 17:03:15'),(206,103,48,'loser','2025-05-31 17:03:15','2025-05-31 17:03:15'),(207,104,49,'winner','2025-05-31 17:03:16','2025-05-31 17:03:16'),(208,104,13,'loser','2025-05-31 17:03:16','2025-05-31 17:03:16'),(209,105,1,'winner','2025-05-31 17:03:16','2025-05-31 17:03:16'),(210,105,11,'loser','2025-05-31 17:03:16','2025-05-31 17:03:16'),(211,106,13,'winner','2025-05-31 17:03:16','2025-05-31 17:03:16'),(212,106,50,'loser','2025-05-31 17:03:16','2025-05-31 17:03:16'),(213,107,1,'winner','2025-05-31 17:03:16','2025-05-31 17:03:16'),(214,107,13,'loser','2025-05-31 17:03:16','2025-05-31 17:03:16'),(215,108,2,'winner','2025-05-31 17:03:16','2025-05-31 17:03:16'),(216,108,11,'loser','2025-05-31 17:03:16','2025-05-31 17:03:16'),(217,109,51,'winner','2025-05-31 17:03:16','2025-05-31 17:03:16'),(218,109,52,'loser','2025-05-31 17:03:16','2025-05-31 17:03:16'),(219,110,11,'winner','2025-05-31 17:03:16','2025-05-31 17:03:16'),(220,110,53,'loser','2025-05-31 17:03:16','2025-05-31 17:03:16'),(221,111,43,'winner','2025-05-31 17:03:16','2025-05-31 17:03:16'),(222,111,44,'loser','2025-05-31 17:03:16','2025-05-31 17:03:16'),(223,112,2,'winner','2025-05-31 17:03:16','2025-05-31 17:03:16'),(224,112,23,'loser','2025-05-31 17:03:16','2025-05-31 17:03:16'),(225,113,2,'winner','2025-05-31 17:03:16','2025-05-31 17:03:16'),(226,113,11,'loser','2025-05-31 17:03:16','2025-05-31 17:03:16'),(227,114,54,'winner','2025-05-31 17:03:16','2025-05-31 17:03:16'),(228,114,13,'loser','2025-05-31 17:03:16','2025-05-31 17:03:16'),(229,115,55,'winner','2025-05-31 17:03:16','2025-05-31 17:03:16'),(230,115,53,'loser','2025-05-31 17:03:16','2025-05-31 17:03:16'),(231,116,4,'winner','2025-05-31 17:03:16','2025-05-31 17:03:16'),(232,116,13,'loser','2025-05-31 17:03:16','2025-05-31 17:03:16'),(233,117,1,'winner','2025-05-31 17:03:16','2025-05-31 17:03:16'),(234,117,11,'loser','2025-05-31 17:03:16','2025-05-31 17:03:16'),(235,118,56,'winner','2025-05-31 17:03:16','2025-05-31 17:03:16'),(236,118,42,'loser','2025-05-31 17:03:16','2025-05-31 17:03:16'),(237,119,57,'winner','2025-05-31 17:03:16','2025-05-31 17:03:16'),(238,119,13,'loser','2025-05-31 17:03:16','2025-05-31 17:03:16'),(239,120,58,'winner','2025-05-31 17:03:16','2025-05-31 17:03:16'),(240,120,13,'loser','2025-05-31 17:03:16','2025-05-31 17:03:16'),(241,121,47,'winner','2025-05-31 17:03:16','2025-05-31 17:03:16'),(242,121,13,'loser','2025-05-31 17:03:16','2025-05-31 17:03:16'),(243,122,1,'winner','2025-05-31 17:03:16','2025-05-31 17:03:16'),(244,122,2,'loser','2025-05-31 17:03:16','2025-05-31 17:03:16'),(245,123,59,'winner','2025-05-31 17:03:16','2025-05-31 17:03:16'),(246,123,13,'loser','2025-05-31 17:03:16','2025-05-31 17:03:16'),(247,124,13,'winner','2025-05-31 17:03:16','2025-05-31 17:03:16'),(248,124,4,'loser','2025-05-31 17:03:16','2025-05-31 17:03:16'),(249,125,1,'winner','2025-05-31 17:03:16','2025-05-31 17:03:16'),(250,125,60,'loser','2025-05-31 17:03:16','2025-05-31 17:03:16'),(251,126,1,'winner','2025-05-31 17:03:16','2025-05-31 17:03:16'),(252,126,21,'loser','2025-05-31 17:03:16','2025-05-31 17:03:16'),(253,127,2,'winner','2025-05-31 17:03:16','2025-05-31 17:03:16'),(254,127,11,'loser','2025-05-31 17:03:16','2025-05-31 17:03:16'),(255,128,61,'winner','2025-05-31 17:03:16','2025-05-31 17:03:16'),(256,128,13,'loser','2025-05-31 17:03:16','2025-05-31 17:03:16'),(257,129,2,'winner','2025-05-31 17:03:16','2025-05-31 17:03:16'),(258,129,13,'loser','2025-05-31 17:03:16','2025-05-31 17:03:16'),(259,130,2,'winner','2025-05-31 17:03:16','2025-05-31 17:03:16'),(260,130,34,'loser','2025-05-31 17:03:16','2025-05-31 17:03:16'),(261,131,62,'winner','2025-05-31 17:03:16','2025-05-31 17:03:16'),(262,131,63,'loser','2025-05-31 17:03:16','2025-05-31 17:03:16'),(263,132,64,'winner','2025-05-31 17:03:16','2025-05-31 17:03:16'),(264,132,65,'loser','2025-05-31 17:03:16','2025-05-31 17:03:16'),(265,133,66,'winner','2025-05-31 17:03:16','2025-05-31 17:03:16'),(266,133,13,'loser','2025-05-31 17:03:16','2025-05-31 17:03:16');
/*!40000 ALTER TABLE `match_players` ENABLE KEYS */;
UNLOCK TABLES;

--
-- Table structure for table `migrations`
--

DROP TABLE IF EXISTS `migrations`;
/*!40101 SET @saved_cs_client     = @@character_set_client */;
/*!50503 SET character_set_client = utf8mb4 */;
CREATE TABLE `migrations` (
  `id` int unsigned NOT NULL AUTO_INCREMENT,
  `migration` varchar(255) COLLATE utf8mb4_unicode_ci NOT NULL,
  `batch` int NOT NULL,
  PRIMARY KEY (`id`)
) ENGINE=InnoDB AUTO_INCREMENT=11 DEFAULT CHARSET=utf8mb4 COLLATE=utf8mb4_unicode_ci;
/*!40101 SET character_set_client = @saved_cs_client */;

--
-- Dumping data for table `migrations`
--

LOCK TABLES `migrations` WRITE;
/*!40000 ALTER TABLE `migrations` DISABLE KEYS */;
INSERT INTO `migrations` VALUES (1,'2025_03_19_135044_create_courts_table',1),(2,'2025_03_21_143654_create_leagues_table',2),(3,'0001_01_01_000000_create_users_table',3),(4,'0001_01_01_000001_create_cache_table',3),(5,'0001_01_01_000002_create_jobs_table',3),(6,'2025_02_21_154619_create_players_table',3),(7,'2025_02_21_154839_create_tenis_matches_table',3),(8,'2025_04_08_171625_create_match_players_table',3),(9,'2025_05_27_105344_update_players_with_categories',3),(10,'2025_05_29_091726_update_leagues',3);
/*!40000 ALTER TABLE `migrations` ENABLE KEYS */;
UNLOCK TABLES;

--
-- Table structure for table `password_reset_tokens`
--

DROP TABLE IF EXISTS `password_reset_tokens`;
/*!40101 SET @saved_cs_client     = @@character_set_client */;
/*!50503 SET character_set_client = utf8mb4 */;
CREATE TABLE `password_reset_tokens` (
  `email` varchar(255) COLLATE utf8mb4_unicode_ci NOT NULL,
  `token` varchar(255) COLLATE utf8mb4_unicode_ci NOT NULL,
  `created_at` timestamp NULL DEFAULT NULL,
  PRIMARY KEY (`email`)
) ENGINE=InnoDB DEFAULT CHARSET=utf8mb4 COLLATE=utf8mb4_unicode_ci;
/*!40101 SET character_set_client = @saved_cs_client */;

--
-- Dumping data for table `password_reset_tokens`
--

LOCK TABLES `password_reset_tokens` WRITE;
/*!40000 ALTER TABLE `password_reset_tokens` DISABLE KEYS */;
/*!40000 ALTER TABLE `password_reset_tokens` ENABLE KEYS */;
UNLOCK TABLES;

--
-- Table structure for table `players`
--

DROP TABLE IF EXISTS `players`;
/*!40101 SET @saved_cs_client     = @@character_set_client */;
/*!50503 SET character_set_client = utf8mb4 */;
CREATE TABLE `players` (
  `id` bigint unsigned NOT NULL AUTO_INCREMENT,
  `first_name` varchar(255) COLLATE utf8mb4_unicode_ci NOT NULL,
  `points` int NOT NULL DEFAULT '0',
  `last_name` varchar(255) COLLATE utf8mb4_unicode_ci NOT NULL,
  `category` varchar(255) COLLATE utf8mb4_unicode_ci NOT NULL DEFAULT '?',
  `uri` varchar(255) COLLATE utf8mb4_unicode_ci NOT NULL,
  `club` varchar(255) COLLATE utf8mb4_unicode_ci DEFAULT NULL,
  `location` varchar(255) COLLATE utf8mb4_unicode_ci DEFAULT NULL,
  `rank` int DEFAULT NULL,
  `created_at` timestamp NULL DEFAULT NULL,
  `updated_at` timestamp NULL DEFAULT NULL,
  PRIMARY KEY (`id`),
  UNIQUE KEY `players_uri_unique` (`uri`)
) ENGINE=InnoDB AUTO_INCREMENT=67 DEFAULT CHARSET=utf8mb4 COLLATE=utf8mb4_unicode_ci;
/*!40101 SET character_set_client = @saved_cs_client */;

--
-- Dumping data for table `players`
--

LOCK TABLES `players` WRITE;
/*!40000 ALTER TABLE `players` DISABLE KEYS */;
INSERT INTO `players` VALUES (1,'Srđan',4496,'Jovanović','4','srdjan-jovanovic','Premium Tenis','Beograd',1,'2025-05-31 17:02:45','2025-05-31 17:03:52'),(2,'Boris',4342,'Vuković','4','boris-vukovic','','Beograd',2,'2025-05-31 17:02:45','2025-05-31 17:03:52'),(3,'Ivan',1064,'Marjanović','4','ivan-marjanovic','','Beograd',5,'2025-05-31 17:02:45','2025-05-31 18:37:54'),(4,'Spasoje',1047,'Matijević','3','spasoje-matijevic','','Beograd',6,'2025-05-31 17:02:45','2025-05-31 18:37:54'),(5,'Vasilije',604,'Kosić','3','vasilije-kosic','','Beograd',7,'2025-05-31 17:02:45','2025-05-31 18:37:54'),(6,'Branimir',220,'Vilimonović','?','branimir-vilimonovic','','Vrnjačka Banja',20,'2025-05-31 17:02:45','2025-05-31 18:37:54'),(7,'Sloba',268,'Negić','3','sloba-negic','','Beograd',15,'2025-05-31 17:02:45','2025-05-31 18:37:54'),(8,'Manuel',213,'Verdi','3','manuel-verdi','','Beograd',23,'2025-05-31 17:02:45','2025-05-31 18:37:54'),(9,'Darko',111,'Spasojević','?','darko-spasojevic','','Vrnjačka  Banja',45,'2025-05-31 17:02:45','2025-05-31 18:37:54'),(10,'Aleksandar',54,'Milošević','3','aleksandar-milosevic','','Beograd',53,'2025-05-31 17:02:45','2025-05-31 18:37:54'),(11,'Aleksa',2897,'Perišić','3','aleksa-perisic','','Beograd',4,'2025-05-31 17:02:45','2025-05-31 18:37:54'),(12,'Jay',270,'Fayed','3','jay-fayed','','Beograd',14,'2025-05-31 17:02:45','2025-05-31 18:37:54'),(13,'Nikola',3934,'Tošić','3','nikola-tosic',NULL,'Beograd',3,'2025-05-31 17:02:45','2025-05-31 18:37:54'),(14,'Teodora',201,'Šušnjević','1','teodora-susnjevic',NULL,'Beograd',25,'2025-05-31 17:02:45','2025-05-31 18:37:54'),(15,'Aleksej',210,'Petrovič','1','aleksej-petrovic',NULL,'Beograd',24,'2025-05-31 17:02:45','2025-05-31 18:37:54'),(16,'Dušan',167,'Đurađ','?','dusan-djuradj',NULL,'Beograd',39,'2025-05-31 17:02:45','2025-05-31 18:37:54'),(17,'Andrija',186,'Mašović','?','andrija-masovic',NULL,'Beograd',35,'2025-05-31 17:02:45','2025-05-31 18:37:54'),(18,'Predrag',145,'Jočić','3','predrag-jocic',NULL,'Beograd',42,'2025-05-31 17:02:45','2025-05-31 18:37:54'),(21,'Sanjin',394,'Milinković','3','sanjin-milinkovic',NULL,'Beograd',10,'2025-05-31 17:02:45','2025-05-31 18:37:54'),(22,'Mateja',237,'Manić','3','mateja-manic',NULL,'Beograd',18,'2025-05-31 17:02:45','2025-05-31 18:37:54'),(23,'Rade',74,'Cvetković','3','rade-cvetkovic',NULL,'Beograd',49,'2025-05-31 17:02:45','2025-05-31 18:37:54'),(24,'Milan',350,'Radoš','3','milan-rados',NULL,'Beograd',11,'2025-05-31 17:02:45','2025-05-31 18:37:54'),(25,'Andrej',157,'Žiberna','?','andrej-ziberna',NULL,'Beograd',40,'2025-05-31 17:02:45','2025-05-31 18:37:54'),(26,'Igor',40,'Zadravec','?','igor-zadravec',NULL,'Beograd',58,'2025-05-31 17:02:45','2025-05-31 18:37:54'),(27,'Dimitrije',77,'Stojanović','?','dimitrije-stojanovic',NULL,'Beograd',47,'2025-05-31 17:02:45','2025-05-31 18:37:54'),(28,'Miloš',201,'Mrvić','2','milos-mrvic',NULL,'Beograd',26,'2025-05-31 17:02:45','2025-05-31 17:03:45'),(29,'Nikita',22,'Borgolov','1','nikita-borgolov',NULL,'Beograd',61,'2025-05-31 17:02:45','2025-05-31 18:37:54'),(30,'Luka',271,'Grgurević','?','luka-grgurevic',NULL,'Beograd',13,'2025-05-31 17:02:45','2025-05-31 18:37:54'),(31,'Lazar',142,'Pajić','?','lazar-pajic',NULL,'Beograd',43,'2025-05-31 17:02:45','2025-05-31 18:37:54'),(34,'Danilo',256,'Tehlirian','3','danilo-tehlirian',NULL,'Beograd',17,'2025-05-31 17:02:45','2025-05-31 18:37:54'),(35,'Blagoje',48,'Ćurić','?','blagoje-curic',NULL,'Beograd',55,'2025-05-31 17:02:45','2025-05-31 18:37:54'),(37,'Andrea',299,'Toniolo','5','andrea-toniolo',NULL,'Italija',12,'2025-05-31 17:02:45','2025-05-31 18:37:54'),(38,'Dragan',193,'Ristanović','?','dragan-ristanovic',NULL,'Beograd',27,'2025-05-31 17:02:45','2025-05-31 18:37:54'),(39,'Miloš',177,'Vujović','?','milos-vujovic',NULL,'Beograd',37,'2025-05-31 17:02:45','2025-05-31 18:37:54'),(40,'Milutin',76,'Sinđelić','?','milutin-sindjelic',NULL,'Beograd',48,'2025-05-31 17:02:45','2025-05-31 18:37:54'),(41,'Dimitrii',169,'Vinogradov','4','dimitrii-vinogradov',NULL,'Rusija',38,'2025-05-31 17:02:45','2025-05-31 18:37:54'),(42,'Irena',56,'Lukić','1','irena-lukic',NULL,'Beograd',52,'2025-05-31 17:02:45','2025-05-31 18:37:54'),(43,'Dragana',260,'Svrkota','3','dragana-svrkota',NULL,'Beograd',16,'2025-05-31 17:02:45','2025-05-31 18:37:54'),(44,'Jovana',427,'Grumić','3','jovana-grumic',NULL,'Beograd',9,'2025-05-31 17:02:45','2025-05-31 18:37:54'),(45,'Rade',36,'Mrdja','?','rade-mrdja',NULL,'Beograd',60,'2025-05-31 17:02:45','2025-05-31 18:37:54'),(46,'Zoran',44,'Radoš','?','zoran-rados',NULL,'Beograd',57,'2025-05-31 17:02:45','2025-05-31 18:37:54'),(47,'Aleksandar',440,'Miletić','3','aleksandar-miletic',NULL,'Beograd',8,'2025-05-31 17:02:45','2025-05-31 18:37:54'),(48,'Κωνσταντίνος',60,'Δίπλας','3','Κωνσταντίνος-Δίπλας',NULL,'Grčka',51,'2025-05-31 17:02:45','2025-05-31 18:37:54'),(49,'Andrija',190,'Derežić','3','andrija-derezic',NULL,'Hrvatska',28,'2025-05-31 17:02:45','2025-05-31 18:37:54'),(50,'Miloš',39,'Lazić','2','milos-lazic',NULL,'Beograd',59,'2025-05-31 17:02:45','2025-05-31 18:37:54'),(51,'Luka',220,'Stanojević','?','luka-stanojevic',NULL,'Vrnjačka Banja',21,'2025-05-31 17:02:45','2025-05-31 18:37:54'),(52,'Srđan',46,'Pavlović','?','srdjan-pavlovic',NULL,'Vrnjačka Banja',56,'2025-05-31 17:02:45','2025-05-31 18:37:54'),(53,'Marko',148,'Jović','3','marko-jovic',NULL,'Beograd',41,'2025-05-31 17:02:45','2025-05-31 18:37:54'),(54,'Aleksandar',190,'Dimitrov','3','aleksandar-dimitrov',NULL,'Beograd',29,'2025-05-31 17:02:45','2025-05-31 18:37:54'),(55,'Vladimir',190,'Živojinović','3','vladimir-zivojinovic',NULL,'Beograd',30,'2025-05-31 17:02:45','2025-05-31 18:37:54'),(56,'Ljubica',140,'Stošković','1','ljubica-stoskovic',NULL,'Beograd',44,'2025-05-31 17:02:45','2025-05-31 18:37:54'),(57,'Ivan',190,'Lekić','6','ivan-lekic',NULL,NULL,31,'2025-05-31 17:02:45','2025-05-31 18:37:54'),(58,'Slobodan',180,'Vujinović','4','slobodan-vujinovic',NULL,NULL,36,'2025-05-31 17:02:45','2025-05-31 18:37:54'),(59,'Goran',190,'Pavlović','?','goran-pavlovic',NULL,NULL,32,'2025-05-31 17:02:45','2025-05-31 18:37:54'),(60,'Goran',53,'Teranović','4','goran-teranovic',NULL,NULL,54,'2025-05-31 17:02:45','2025-05-31 18:37:54'),(61,'Goran',190,'Vujanović','?','goran-vujanovic',NULL,NULL,33,'2025-05-31 17:02:45','2025-05-31 18:37:54'),(62,'Andreja',220,'Kuburović','3','andreja-kuburovic',NULL,NULL,22,'2025-05-31 17:02:45','2025-05-31 18:37:54'),(63,'Stevan',81,'Ćirić','3','stevan-ciric',NULL,NULL,46,'2025-05-31 17:02:45','2025-05-31 18:37:54'),(64,'Veljko',230,'Glišović','4','veljko-glisovic',NULL,'Kragujevac',19,'2025-05-31 17:02:45','2025-05-31 18:37:54'),(65,'Filip',67,'Perović','3','filip-perovic',NULL,'Kragujevac',50,'2025-05-31 17:02:45','2025-05-31 18:37:54'),(66,'Pavle',190,'Pavlović','6','pavle-pavlovic',NULL,NULL,34,'2025-05-31 17:02:45','2025-05-31 18:37:54');
/*!40000 ALTER TABLE `players` ENABLE KEYS */;
UNLOCK TABLES;

--
-- Table structure for table `sessions`
--

DROP TABLE IF EXISTS `sessions`;
/*!40101 SET @saved_cs_client     = @@character_set_client */;
/*!50503 SET character_set_client = utf8mb4 */;
CREATE TABLE `sessions` (
  `id` varchar(255) COLLATE utf8mb4_unicode_ci NOT NULL,
  `user_id` bigint unsigned DEFAULT NULL,
  `ip_address` varchar(45) COLLATE utf8mb4_unicode_ci DEFAULT NULL,
  `user_agent` text COLLATE utf8mb4_unicode_ci,
  `payload` longtext COLLATE utf8mb4_unicode_ci NOT NULL,
  `last_activity` int NOT NULL,
  PRIMARY KEY (`id`),
  KEY `sessions_user_id_index` (`user_id`),
  KEY `sessions_last_activity_index` (`last_activity`)
) ENGINE=InnoDB DEFAULT CHARSET=utf8mb4 COLLATE=utf8mb4_unicode_ci;
/*!40101 SET character_set_client = @saved_cs_client */;

--
-- Dumping data for table `sessions`
--

LOCK TABLES `sessions` WRITE;
/*!40000 ALTER TABLE `sessions` DISABLE KEYS */;
INSERT INTO `sessions` VALUES ('058qp8XJTuvuoCVJtVuFkp1f3eWUebWYhuKJdgno',NULL,'78.3.243.186','WhatsApp/2.23.20.0','YTozOntzOjY6Il90b2tlbiI7czo0MDoiYzB6MFpGeUx6cnQ5UlY3dW1VeVVWblkxVm50MUJpRDhUdW1ad1o2OSI7czo5OiJfcHJldmlvdXMiO2E6MTp7czozOiJ1cmwiO3M6MjY6Imh0dHBzOi8vc3Jwc2thdGVuaXNsaWdhLnJzIjt9czo2OiJfZmxhc2giO2E6Mjp7czozOiJvbGQiO2E6MDp7fXM6MzoibmV3IjthOjA6e319fQ==',1748720286),('0ruv5qV1zM4BYD2kXJ6NcbUobha8tRPDIbD1CDl8',NULL,'66.249.66.169','Mozilla/5.0 (Linux; Android 6.0.1; Nexus 5X Build/MMB29P) AppleWebKit/537.36 (KHTML, like Gecko) Chrome/136.0.7103.92 Mobile Safari/537.36 (compatible; Googlebot/2.1; +http://www.google.com/bot.html)','YTozOntzOjY6Il90b2tlbiI7czo0MDoiVXVkMHlqZ0pXUG9QT3BXeTFCd3hxbkRleVRhTkpNeUVKZDBnbzhPYiI7czo5OiJfcHJldmlvdXMiO2E6MTp7czozOiJ1cmwiO3M6NTA6Imh0dHBzOi8vd3d3LnNycHNrYXRlbmlzbGlnYS5ycy9nZXQtcGxheWVyLWNoYXJ0LzIxIjt9czo2OiJfZmxhc2giO2E6Mjp7czozOiJvbGQiO2E6MDp7fXM6MzoibmV3IjthOjA6e319fQ==',1748733687),('1169CnS1uOFD7VS17jKxvromZKiMXE6uREJ2yZTI',NULL,'78.3.243.186','WhatsApp/2.23.20.0','YTozOntzOjY6Il90b2tlbiI7czo0MDoiaTdrd0dmdm1naGI1Q1l5cDJZZlJOVDRXMEwyUG9qMVFRZGxnNHNCbSI7czo5OiJfcHJldmlvdXMiO2E6MTp7czozOiJ1cmwiO3M6Mzc6Imh0dHBzOi8vc3Jwc2thdGVuaXNsaWdhLnJzL2RvZGFqLWxpZ3UiO31zOjY6Il9mbGFzaCI7YToyOntzOjM6Im9sZCI7YTowOnt9czozOiJuZXciO2E6MDp7fX19',1748723910),('2A5aUjSMty82GPjem1FTFkRrYcBabBXDqTjAA0OF',NULL,'94.189.204.104','Mozilla/5.0 (iPhone; CPU iPhone OS 18_5 like Mac OS X) AppleWebKit/605.1.15 (KHTML, like Gecko) Mobile/15E148','YTozOntzOjY6Il90b2tlbiI7czo0MDoiWGpJSFQwMHEwblNpdjdTQWJuWmhxcUxTRzdOcVoxUWtEbkxYb2E0ayI7czo5OiJfcHJldmlvdXMiO2E6MTp7czozOiJ1cmwiO3M6NTA6Imh0dHBzOi8vc3Jwc2thdGVuaXNsaWdhLnJzL3RvcGFjby1sZXRuamEtbGlnYS0yMDI1Ijt9czo2OiJfZmxhc2giO2E6Mjp7czozOiJvbGQiO2E6MDp7fXM6MzoibmV3IjthOjA6e319fQ==',1748732167),('2JPIVDiMqFcK5JHnsfZkMn56e172sYDnnxisTYNI',NULL,'54.36.148.24','Mozilla/5.0 (compatible; AhrefsBot/7.0; +http://ahrefs.com/robot/)','YTozOntzOjY6Il90b2tlbiI7czo0MDoiQ1l5ZlRXa3JxbzJjdWJhaFJDdnFLeXg5SEN6TmJDYzdtTVdZZm9MSyI7czo5OiJfcHJldmlvdXMiO2E6MTp7czozOiJ1cmwiO3M6NTE6Imh0dHBzOi8vd3d3LnNycHNrYXRlbmlzbGlnYS5ycy9hbGVrc2FuZGFyLW1pbG9zZXZpYyI7fXM6NjoiX2ZsYXNoIjthOjI6e3M6Mzoib2xkIjthOjA6e31zOjM6Im5ldyI7YTowOnt9fX0=',1748720794),('2mxEioetUsfSPEYsj7jr86W5yeyk60mAO8CaVCwL',NULL,'66.249.66.192','Mozilla/5.0 (Linux; Android 6.0.1; Nexus 5X Build/MMB29P) AppleWebKit/537.36 (KHTML, like Gecko) Chrome/136.0.7103.92 Mobile Safari/537.36 (compatible; Googlebot/2.1; +http://www.google.com/bot.html)','YTozOntzOjY6Il90b2tlbiI7czo0MDoiZUd6OEdZNWpMQ0doTkM5UlcwNDZTRHJmRThnNDdGMzFtTkF2Mm9TcSI7czo5OiJfcHJldmlvdXMiO2E6MTp7czozOiJ1cmwiO3M6NzQ6Imh0dHBzOi8vc3Jwc2thdGVuaXNsaWdhLnJzL2dldC1sZWFndWUvcHJ2ZW5zdHZvLXZldGVyYW5hLWRvYm9qLXR1cm5pci0yMDI1Ijt9czo2OiJfZmxhc2giO2E6Mjp7czozOiJvbGQiO2E6MDp7fXM6MzoibmV3IjthOjA6e319fQ==',1748741987),('2ORt1m4Q2TkNdIoVFDckEaWig6BAJPo66QjmYYY7',NULL,'78.3.243.186','Mozilla/5.0 (X11; Linux x86_64) AppleWebKit/537.36 (KHTML, like Gecko) Chrome/136.0.0.0 Safari/537.36','YTozOntzOjY6Il90b2tlbiI7czo0MDoiT0hmc01FUmlVSnR1dG5RNmRIbENlRUtaWkJBVEpudlpkYjVlUFJIayI7czo5OiJfcHJldmlvdXMiO2E6MTp7czozOiJ1cmwiO3M6MzI6Imh0dHBzOi8vc3Jwc2thdGVuaXNsaWdhLnJzL2RvZGFqIjt9czo2OiJfZmxhc2giO2E6Mjp7czozOiJvbGQiO2E6MDp7fXM6MzoibmV3IjthOjA6e319fQ==',1748731278),('3cWCCRgrgXPQJvJB02XeKhORwrVipYylYMBVqhV0',NULL,'54.36.148.82','Mozilla/5.0 (compatible; AhrefsBot/7.0; +http://ahrefs.com/robot/)','YTozOntzOjY6Il90b2tlbiI7czo0MDoiM1BPeFo2cG05QVRHN1NWd0xydzY2OXVSYXFlNlU1WUdzMGdjblUycyI7czo5OiJfcHJldmlvdXMiO2E6MTp7czozOiJ1cmwiO3M6NDM6Imh0dHBzOi8vd3d3LnNycHNrYXRlbmlzbGlnYS5ycy9saWdlLXR1cm5pcmkiO31zOjY6Il9mbGFzaCI7YToyOntzOjM6Im9sZCI7YTowOnt9czozOiJuZXciO2E6MDp7fX19',1748731864),('3uXbP2mCjQmCNcwVWRDJLpLqap3glyicPjLui2Il',NULL,'198.235.24.153','','YTozOntzOjY6Il90b2tlbiI7czo0MDoiWUl4bG9GY0dqTkZqRHJRcElhSGRqTVRFcjM0cWNpYzFialpSUDJqdCI7czo5OiJfcHJldmlvdXMiO2E6MTp7czozOiJ1cmwiO3M6MjY6Imh0dHBzOi8vc3Jwc2thdGVuaXNsaWdhLnJzIjt9czo2OiJfZmxhc2giO2E6Mjp7czozOiJvbGQiO2E6MDp7fXM6MzoibmV3IjthOjA6e319fQ==',1748728159),('4yPiune36tbVdpvNJAoZ6NXSFB51hZBUuWfrTVP9',NULL,'44.223.84.52','Mozilla/5.0 (Windows NT 10.0; Win64; x64) AppleWebKit/537.36 (KHTML, like Gecko) Chrome/104.0.0.0 Safari/537.36','YTozOntzOjY6Il90b2tlbiI7czo0MDoiTnFMUjZueXZFZTRaYXBhcFc5VjFpSDdUWjhscG9UV3ZkNjVyb3Z1UiI7czo5OiJfcHJldmlvdXMiO2E6MTp7czozOiJ1cmwiO3M6MjY6Imh0dHBzOi8vc3Jwc2thdGVuaXNsaWdhLnJzIjt9czo2OiJfZmxhc2giO2E6Mjp7czozOiJvbGQiO2E6MDp7fXM6MzoibmV3IjthOjA6e319fQ==',1748720003),('5nggp6mAqCYdL7hI2vXVPcYB27N0MS5IKqpFTQDk',NULL,'66.249.66.169','Mozilla/5.0 (Linux; Android 6.0.1; Nexus 5X Build/MMB29P) AppleWebKit/537.36 (KHTML, like Gecko) Chrome/136.0.7103.92 Mobile Safari/537.36 (compatible; Googlebot/2.1; +http://www.google.com/bot.html)','YTozOntzOjY6Il90b2tlbiI7czo0MDoiQ2ZYRkFUUnRxRXdvcHRaRzNFck5CNk1Bb1RBekQyMWRhcU9VQlFqbyI7czo5OiJfcHJldmlvdXMiO2E6MTp7czozOiJ1cmwiO3M6NzE6Imh0dHBzOi8vc3Jwc2thdGVuaXNsaWdhLnJzL2dldC1sZWFndWUvYmFzZWxpbmUtYmVvZ3JhZC1vcGVuLXR1cm5pci0yMDI1Ijt9czo2OiJfZmxhc2giO2E6Mjp7czozOiJvbGQiO2E6MDp7fXM6MzoibmV3IjthOjA6e319fQ==',1748760444),('5QgXR2DLZ9LIrk6vmS5LRbPHMiWIWbz1m3OChJv8',NULL,'66.249.66.44','Mozilla/5.0 (Linux; Android 6.0.1; Nexus 5X Build/MMB29P) AppleWebKit/537.36 (KHTML, like Gecko) Chrome/136.0.7103.92 Mobile Safari/537.36 (compatible; Googlebot/2.1; +http://www.google.com/bot.html)','YTozOntzOjY6Il90b2tlbiI7czo0MDoiRm95d3F0MW12UllERDRJNDJYM1hBUzJRUmFNWVlKQ3B2blpkR3BPOCI7czo5OiJfcHJldmlvdXMiO2E6MTp7czozOiJ1cmwiO3M6NDY6Imh0dHBzOi8vc3Jwc2thdGVuaXNsaWdhLnJzL2dldC1wbGF5ZXItY2hhcnQvNTEiO31zOjY6Il9mbGFzaCI7YToyOntzOjM6Im9sZCI7YTowOnt9czozOiJuZXciO2E6MDp7fX19',1748733565),('75Qn3MiVKT9Xz9GqupDGO7s5cXHXFqbPMAz2ZEQ6',NULL,'66.249.66.69','Mozilla/5.0 (Linux; Android 6.0.1; Nexus 5X Build/MMB29P) AppleWebKit/537.36 (KHTML, like Gecko) Chrome/136.0.7103.92 Mobile Safari/537.36 (compatible; Googlebot/2.1; +http://www.google.com/bot.html)','YTozOntzOjY6Il90b2tlbiI7czo0MDoid3hoc2JmZzkwTDdYN2N3dWw5M2c2ak1nSmd1blBibjdqazdIRjFwUyI7czo5OiJfcHJldmlvdXMiO2E6MTp7czozOiJ1cmwiO3M6NjE6Imh0dHBzOi8vc3Jwc2thdGVuaXNsaWdhLnJzL2dldC1sZWFndWUvdG9wYWNvLWxldG5qYS1saWdhLTIwMjUiO31zOjY6Il9mbGFzaCI7YToyOntzOjM6Im9sZCI7YTowOnt9czozOiJuZXciO2E6MDp7fX19',1748719096),('8PEAGbNxtCvFBw2bf0a1lw4JYINYx5WzgcJvl14t',NULL,'66.249.66.169','Mozilla/5.0 (Linux; Android 6.0.1; Nexus 5X Build/MMB29P) AppleWebKit/537.36 (KHTML, like Gecko) Chrome/136.0.7103.113 Mobile Safari/537.36 (compatible; Googlebot/2.1; +http://www.google.com/bot.html)','YTozOntzOjY6Il90b2tlbiI7czo0MDoiZk5DaHdWNHFqRFVvV0RSSExYenFya0duNldqR1Z1UnNmcmlRcWtQbCI7czo5OiJfcHJldmlvdXMiO2E6MTp7czozOiJ1cmwiO3M6MjY6Imh0dHBzOi8vc3Jwc2thdGVuaXNsaWdhLnJzIjt9czo2OiJfZmxhc2giO2E6Mjp7czozOiJvbGQiO2E6MDp7fXM6MzoibmV3IjthOjA6e319fQ==',1748737040),('9FqIYkYv35gjvtnMw6PN06VVxkC4UVfi97g9xqSl',NULL,'66.249.66.4','Mozilla/5.0 (Linux; Android 6.0.1; Nexus 5X Build/MMB29P) AppleWebKit/537.36 (KHTML, like Gecko) Chrome/136.0.7103.92 Mobile Safari/537.36 (compatible; Googlebot/2.1; +http://www.google.com/bot.html)','YTozOntzOjY6Il90b2tlbiI7czo0MDoiMjd4WXFONnpReThKam9hcnhjWW52MXZ0cUZwMFo4MGd2YW9jOXNYaiI7czo5OiJfcHJldmlvdXMiO2E6MTp7czozOiJ1cmwiO3M6NDY6Imh0dHBzOi8vc3Jwc2thdGVuaXNsaWdhLnJzL2dldC1wbGF5ZXItY2hhcnQvNTYiO31zOjY6Il9mbGFzaCI7YToyOntzOjM6Im9sZCI7YTowOnt9czozOiJuZXciO2E6MDp7fX19',1748740766),('at46LzVdHwBmi73Jbu4v1ihK48LEbzmDAGLKLUfr',NULL,'54.36.148.228','Mozilla/5.0 (compatible; AhrefsBot/7.0; +http://ahrefs.com/robot/)','YTozOntzOjY6Il90b2tlbiI7czo0MDoiV2F3bFRBYzRkREQxR0d1SDlWRGVwcmZrdmJWQzJLazd0Q1A3UWtsUiI7czo5OiJfcHJldmlvdXMiO2E6MTp7czozOiJ1cmwiO3M6NDU6Imh0dHBzOi8vd3d3LnNycHNrYXRlbmlzbGlnYS5ycy9hbmRyZWEtdG9uaW9sbyI7fXM6NjoiX2ZsYXNoIjthOjI6e3M6Mzoib2xkIjthOjA6e31zOjM6Im5ldyI7YTowOnt9fX0=',1748735802),('awbnKbEATY69GDO15PIwk62p7OfhgPE1HYqFJJoy',NULL,'94.189.204.104','Mozilla/5.0 (iPhone; CPU iPhone OS 18_5 like Mac OS X) AppleWebKit/605.1.15 (KHTML, like Gecko) Mobile/15E148','YTozOntzOjY6Il90b2tlbiI7czo0MDoiV0FYVXB1N3ZDRXJwOHpaY2wyYlNQajB0WGQyWEw1TFRONXJxRmFkRyI7czo5OiJfcHJldmlvdXMiO2E6MTp7czozOiJ1cmwiO3M6NTA6Imh0dHBzOi8vc3Jwc2thdGVuaXNsaWdhLnJzL3RvcGFjby1sZXRuamEtbGlnYS0yMDI1Ijt9czo2OiJfZmxhc2giO2E6Mjp7czozOiJvbGQiO2E6MDp7fXM6MzoibmV3IjthOjA6e319fQ==',1748732690),('B7ZlVEUHbYHjW7lzIv55cOIuSS7RlxMUi9vP3G8F',NULL,'87.236.176.131','Mozilla/5.0 (compatible; InternetMeasurement/1.0; +https://internet-measurement.com/)','YTozOntzOjY6Il90b2tlbiI7czo0MDoicVdmMk1hZGNUTlZwSGxoT2p1emc3Zmk4dFdpcHpmMnFIOFQ0UU81QyI7czo5OiJfcHJldmlvdXMiO2E6MTp7czozOiJ1cmwiO3M6MjY6Imh0dHBzOi8vc3Jwc2thdGVuaXNsaWdhLnJzIjt9czo2OiJfZmxhc2giO2E6Mjp7czozOiJvbGQiO2E6MDp7fXM6MzoibmV3IjthOjA6e319fQ==',1748721190),('d2BRHJk6WhcIu119Ea14aIh0aNnmhpFefnhQLQZM',NULL,'3.142.143.2','python-requests/2.27.1','YTozOntzOjY6Il90b2tlbiI7czo0MDoiVWJqT0liQ3hxV1pMTERxeXF0VXQwNURyUkJSME9SNjlPYk55ZWtRSCI7czo5OiJfcHJldmlvdXMiO2E6MTp7czozOiJ1cmwiO3M6MjY6Imh0dHBzOi8vc3Jwc2thdGVuaXNsaWdhLnJzIjt9czo2OiJfZmxhc2giO2E6Mjp7czozOiJvbGQiO2E6MDp7fXM6MzoibmV3IjthOjA6e319fQ==',1748722198),('dmoUbU8erTy8VguuBm3WOxgouVlL21wuBZ6Mwtsr',NULL,'109.245.227.66','Mozilla/5.0 (Linux; Android 10; K) AppleWebKit/537.36 (KHTML, like Gecko) Chrome/136.0.0.0 Mobile Safari/537.36','YTozOntzOjY6Il90b2tlbiI7czo0MDoibHkwS0luNm9TOENONnBxUnpVQTJNRVRINWJlQ1pzN3pxZlhqY1pWQSI7czo5OiJfcHJldmlvdXMiO2E6MTp7czozOiJ1cmwiO3M6NjE6Imh0dHBzOi8vc3Jwc2thdGVuaXNsaWdhLnJzL2dldC1sZWFndWUvdG9wYWNvLWxldG5qYS1saWdhLTIwMjUiO31zOjY6Il9mbGFzaCI7YToyOntzOjM6Im9sZCI7YTowOnt9czozOiJuZXciO2E6MDp7fX19',1748728493),('DsAlCBFGuUs8nmkJDzN86bsapUx26nj0wTux7M1O',NULL,'178.221.185.247','Mozilla/5.0 (Linux; Android 10; K) AppleWebKit/537.36 (KHTML, like Gecko) Chrome/129.0.0.0 Mobile Safari/537.36 (Ecosia android@129.0.0.0)','YTozOntzOjY6Il90b2tlbiI7czo0MDoieHdCUXo0NmJmdWExdWlWM2ZURkpTWWlGR0JOTHc0RFBrcDdpZWVqcyI7czo5OiJfcHJldmlvdXMiO2E6MTp7czozOiJ1cmwiO3M6Mzg6Imh0dHBzOi8vc3Jwc2thdGVuaXNsaWdhLnJzL2dldC1tYXRjaGVzIjt9czo2OiJfZmxhc2giO2E6Mjp7czozOiJvbGQiO2E6MDp7fXM6MzoibmV3IjthOjA6e319fQ==',1748767181),('E4IegQMx0vo02yJEFTL43Arovt6I8S9vvQGMXLtZ',NULL,'109.245.227.66','Mozilla/5.0 (Windows NT 10.0; Win64; x64) AppleWebKit/537.36 (KHTML, like Gecko) Chrome/108.0.5359.98 Safari/537.36','YTozOntzOjY6Il90b2tlbiI7czo0MDoiUXducDc3cWxpMXlUZ2JBWEN5TXFNN1BHYmtJRTVFeWphd1hicDQxViI7czo5OiJfcHJldmlvdXMiO2E6MTp7czozOiJ1cmwiO3M6MjY6Imh0dHBzOi8vc3Jwc2thdGVuaXNsaWdhLnJzIjt9czo2OiJfZmxhc2giO2E6Mjp7czozOiJvbGQiO2E6MDp7fXM6MzoibmV3IjthOjA6e319fQ==',1748723158),('E5izsxLS13MKdUjBpM1eKPEoXEKZszT1oV7cbVPz',NULL,'66.249.66.168','Mozilla/5.0 (Linux; Android 6.0.1; Nexus 5X Build/MMB29P) AppleWebKit/537.36 (KHTML, like Gecko) Chrome/136.0.7103.92 Mobile Safari/537.36 (compatible; Googlebot/2.1; +http://www.google.com/bot.html)','YTozOntzOjY6Il90b2tlbiI7czo0MDoiWXBnU20wcXF5cXN2MVNqWFZ4T3NtWGJyTEl5Ym5vZmZoTDU0ZzlMaiI7czo5OiJfcHJldmlvdXMiO2E6MTp7czozOiJ1cmwiO3M6NDY6Imh0dHBzOi8vc3Jwc2thdGVuaXNsaWdhLnJzL2dldC1wbGF5ZXItY2hhcnQvNjUiO31zOjY6Il9mbGFzaCI7YToyOntzOjM6Im9sZCI7YTowOnt9czozOiJuZXciO2E6MDp7fX19',1748747844),('ef1dYHBGHIWYZYtgUy0j14GgM7NIgrL26ySnmbh6',NULL,'5.22.190.10','Mozilla/5.0 (compatible; Googlebot/2.1; +http://www.google.com/bot.html)','YTozOntzOjY6Il90b2tlbiI7czo0MDoib3hKSHdDa2E4clhKV2JHcWlqRngwZzd1eUV2REEwM2lqZ0t6dFU5OSI7czo5OiJfcHJldmlvdXMiO2E6MTp7czozOiJ1cmwiO3M6MjY6Imh0dHBzOi8vc3Jwc2thdGVuaXNsaWdhLnJzIjt9czo2OiJfZmxhc2giO2E6Mjp7czozOiJvbGQiO2E6MDp7fXM6MzoibmV3IjthOjA6e319fQ==',1748762391),('ehuFz50Jnr5Av5gPx6Tx9mHjRnu63zbJJoyfuhWN',NULL,'78.3.243.186','Mozilla/5.0 (X11; Linux x86_64) AppleWebKit/537.36 (KHTML, like Gecko) Chrome/136.0.0.0 Safari/537.36','YTozOntzOjY6Il90b2tlbiI7czo0MDoiOFF2V0ZsM3RwWWhsWVJiSGRaMHJoNVJ6RUdSRjRNcklaRXlxMmMwUiI7czo5OiJfcHJldmlvdXMiO2E6MTp7czozOiJ1cmwiO3M6NDY6Imh0dHBzOi8vc3Jwc2thdGVuaXNsaWdhLnJzL2dldC1wbGF5ZXItY2hhcnQvNjQiO31zOjY6Il9mbGFzaCI7YToyOntzOjM6Im9sZCI7YTowOnt9czozOiJuZXciO2E6MDp7fX19',1748720218),('EyXvvCjCQtWI88tmnjAiRVbZMGX6ydxi0buCJycg',NULL,'87.116.178.99','Mozilla/5.0 (Linux; Android 10; K) AppleWebKit/537.36 (KHTML, like Gecko) SamsungBrowser/28.0 Chrome/130.0.0.0 Mobile Safari/537.36','YTozOntzOjY6Il90b2tlbiI7czo0MDoiOTZwaFhlQnQ3RGM4cHN0Vko5ejlhNHB2Q2lKcTdxSTZJNDlOYUxwSCI7czo5OiJfcHJldmlvdXMiO2E6MTp7czozOiJ1cmwiO3M6Mzg6Imh0dHBzOi8vc3Jwc2thdGVuaXNsaWdhLnJzL2dldC1wbGF5ZXJzIjt9czo2OiJfZmxhc2giO2E6Mjp7czozOiJvbGQiO2E6MDp7fXM6MzoibmV3IjthOjA6e319fQ==',1748756065),('Fdx1WMOs0Zc2LmqLKMlexIDqkGb8pAy8LxQKEhqE',NULL,'86.32.129.18','NetworkingExtension/8620.2.4.10.7 CFNetwork/3826.400.120 Darwin/24.3.0','YTozOntzOjY6Il90b2tlbiI7czo0MDoiWnVXU3R4NDhaTkdBVGp5b0VES0tCbW5wQTlKaVJiSFIxcDBYVzdURyI7czo5OiJfcHJldmlvdXMiO2E6MTp7czozOiJ1cmwiO3M6MjY6Imh0dHBzOi8vc3Jwc2thdGVuaXNsaWdhLnJzIjt9czo2OiJfZmxhc2giO2E6Mjp7czozOiJvbGQiO2E6MDp7fXM6MzoibmV3IjthOjA6e319fQ==',1748725227),('FefusgLUtOZ3e2Jzd3fXR9diF9kJHC32EtgOawmA',NULL,'54.36.149.95','Mozilla/5.0 (compatible; AhrefsBot/7.0; +http://ahrefs.com/robot/)','YTozOntzOjY6Il90b2tlbiI7czo0MDoiVjFobm5pamM5RDF0YWZpRVc0VHR5cnZaNlpOR1JiRlprdW5hZk5GRCI7czo5OiJfcHJldmlvdXMiO2E6MTp7czozOiJ1cmwiO3M6NDU6Imh0dHBzOi8vd3d3LnNycHNrYXRlbmlzbGlnYS5ycy9hbGVrc2EtcGVyaXNpYyI7fXM6NjoiX2ZsYXNoIjthOjI6e3M6Mzoib2xkIjthOjA6e31zOjM6Im5ldyI7YTowOnt9fX0=',1748752398),('fjZDINJI1P0X4OtUUEzIDzxdUzn0rGqGdlQZiHT4',NULL,'89.216.208.172','Mozilla/5.0 (Linux; Android 10; K) AppleWebKit/537.36 (KHTML, like Gecko) Chrome/136.0.0.0 Mobile Safari/537.36','YTozOntzOjY6Il90b2tlbiI7czo0MDoiRVNjY0dYOURPSUoyQUFpOE82R3BCNnRrWHQyRExBQzBRdFBHNEpnRCI7czo5OiJfcHJldmlvdXMiO2E6MTp7czozOiJ1cmwiO3M6Mzg6Imh0dHBzOi8vc3Jwc2thdGVuaXNsaWdhLnJzL2dldC1wbGF5ZXJzIjt9czo2OiJfZmxhc2giO2E6Mjp7czozOiJvbGQiO2E6MDp7fXM6MzoibmV3IjthOjA6e319fQ==',1748755804),('FVMk6ecUOGShGwpU8caYl0zfUzuXdH5llwsgMAHT',NULL,'94.189.204.104','Mozilla/5.0 (iPhone; CPU iPhone OS 18_5 like Mac OS X) AppleWebKit/605.1.15 (KHTML, like Gecko) Version/18.5 Mobile/15E148 Safari/604.1','YTozOntzOjY6Il90b2tlbiI7czo0MDoiZGdpT1pXUlliZVZrMm1kZ0RZZGlURURHemQ4SVdTOEY0cEE5cWFheCI7czo5OiJfcHJldmlvdXMiO2E6MTp7czozOiJ1cmwiO3M6NjE6Imh0dHBzOi8vc3Jwc2thdGVuaXNsaWdhLnJzL2dldC1sZWFndWUvdG9wYWNvLWxldG5qYS1saWdhLTIwMjUiO31zOjY6Il9mbGFzaCI7YToyOntzOjM6Im9sZCI7YTowOnt9czozOiJuZXciO2E6MDp7fX19',1748733135),('G0PyDJ4O6R6Udd0fUbirLxGqH51CnVaGqTIdGw7E',NULL,'66.249.66.69','Mozilla/5.0 (Linux; Android 6.0.1; Nexus 5X Build/MMB29P) AppleWebKit/537.36 (KHTML, like Gecko) Chrome/136.0.7103.92 Mobile Safari/537.36 (compatible; Googlebot/2.1; +http://www.google.com/bot.html)','YTozOntzOjY6Il90b2tlbiI7czo0MDoiNXRpMENuc2dMcjRQcjZRZjlLazRoVENmbnZ2bmRaVWZJdmc5dDk5dCI7czo5OiJfcHJldmlvdXMiO2E6MTp7czozOiJ1cmwiO3M6NjI6Imh0dHBzOi8vc3Jwc2thdGVuaXNsaWdhLnJzL2dldC1sZWFndWUvc3Rhbm92by1vcGVuLXR1cm5pci0yMDI1Ijt9czo2OiJfZmxhc2giO2E6Mjp7czozOiJvbGQiO2E6MDp7fXM6MzoibmV3IjthOjA6e319fQ==',1748755191),('G5c1O7qq7uchVw3fY4InPv1d4GIfWnj1g1pelZPX',NULL,'178.220.135.153','Mozilla/5.0 (iPhone; CPU iPhone OS 18_5 like Mac OS X) AppleWebKit/605.1.15 (KHTML, like Gecko) Version/18.5 Mobile/15E148 Safari/604.1','YTozOntzOjY6Il90b2tlbiI7czo0MDoiVHQ4djM2ZDllb3hyU2VqTzFzbFhKdElYMzc0NTdSbFBOWFdiNko1MCI7czo5OiJfcHJldmlvdXMiO2E6MTp7czozOiJ1cmwiO3M6Mzg6Imh0dHBzOi8vc3Jwc2thdGVuaXNsaWdhLnJzL2dldC1tYXRjaGVzIjt9czo2OiJfZmxhc2giO2E6Mjp7czozOiJvbGQiO2E6MDp7fXM6MzoibmV3IjthOjA6e319fQ==',1748766273),('g5uifvsSoo2vL7W97H3ECSTe8qhYNoVFj8jQV6bP',NULL,'54.36.148.190','Mozilla/5.0 (compatible; AhrefsBot/7.0; +http://ahrefs.com/robot/)','YTozOntzOjY6Il90b2tlbiI7czo0MDoiNHRkWHdTdkwxVzlkbXJjdXpyV0R5NlZsdXNJTkRaT0tQODRWYllzNyI7czo5OiJfcHJldmlvdXMiO2E6MTp7czozOiJ1cmwiO3M6NDQ6Imh0dHBzOi8vd3d3LnNycHNrYXRlbmlzbGlnYS5ycy9ibGFnb2plLWN1cmljIjt9czo2OiJfZmxhc2giO2E6Mjp7czozOiJvbGQiO2E6MDp7fXM6MzoibmV3IjthOjA6e319fQ==',1748760509),('G6aJ6rJTWfB1mNMN9oLltyQjIVGSZzJvc8vShXh7',NULL,'54.36.148.80','Mozilla/5.0 (compatible; AhrefsBot/7.0; +http://ahrefs.com/robot/)','YTozOntzOjY6Il90b2tlbiI7czo0MDoienNRUGdpRUdSNk8zaVRRUlNLWWJlUThwcHoyOEhxZjlsU0RqaE8zNSI7czo5OiJfcHJldmlvdXMiO2E6MTp7czozOiJ1cmwiO3M6NDQ6Imh0dHBzOi8vd3d3LnNycHNrYXRlbmlzbGlnYS5ycy9kdXNhbi1kanVyYWRqIjt9czo2OiJfZmxhc2giO2E6Mjp7czozOiJvbGQiO2E6MDp7fXM6MzoibmV3IjthOjA6e319fQ==',1748772977),('ghFUFSPY0FsHT5sYRUWCy1EwkhrRd3bS7FfV1WEh',NULL,'24.135.214.217','Mozilla/5.0 (Linux; Android 10; K) AppleWebKit/537.36 (KHTML, like Gecko) Chrome/136.0.0.0 Mobile Safari/537.36','YTozOntzOjY6Il90b2tlbiI7czo0MDoiQ0dCV1V0cXNCbzZUeEM0Yk1jTkpiNzBTOHNvOHNwcVRsdFo5d204ZCI7czo5OiJfcHJldmlvdXMiO2E6MTp7czozOiJ1cmwiO3M6Mzg6Imh0dHBzOi8vc3Jwc2thdGVuaXNsaWdhLnJzL2dldC1wbGF5ZXJzIjt9czo2OiJfZmxhc2giO2E6Mjp7czozOiJvbGQiO2E6MDp7fXM6MzoibmV3IjthOjA6e319fQ==',1748723985),('gYFEOaAbZO5HocwHLMEnjnPV4ZWom5GZM0c7PBgj',NULL,'66.249.66.42','Mozilla/5.0 (Linux; Android 6.0.1; Nexus 5X Build/MMB29P) AppleWebKit/537.36 (KHTML, like Gecko) Chrome/136.0.7103.92 Mobile Safari/537.36 (compatible; Googlebot/2.1; +http://www.google.com/bot.html)','YTozOntzOjY6Il90b2tlbiI7czo0MDoiR2NJWDQ3Q2hSNHRYcXpnejdHblBleU5VVnhIdHo3bVFzUFBtbFpPbSI7czo5OiJfcHJldmlvdXMiO2E6MTp7czozOiJ1cmwiO3M6NDY6Imh0dHBzOi8vc3Jwc2thdGVuaXNsaWdhLnJzL2dldC1wbGF5ZXItY2hhcnQvNTIiO31zOjY6Il9mbGFzaCI7YToyOntzOjM6Im9sZCI7YTowOnt9czozOiJuZXciO2E6MDp7fX19',1748753265),('HceWW06aqZv8VYqp55xa7IUY1lBPmFFDpwNfPyZE',NULL,'87.116.180.232','Mozilla/5.0 (Linux; Android 10; K) AppleWebKit/537.36 (KHTML, like Gecko) Chrome/136.0.0.0 Mobile Safari/537.36','YTozOntzOjY6Il90b2tlbiI7czo0MDoiU0JvQW45RkNmaXZDU3pBRWp6M2RDRkMxSE1UMUVXS3RxcjcxU2l2SSI7czo5OiJfcHJldmlvdXMiO2E6MTp7czozOiJ1cmwiO3M6Mzg6Imh0dHBzOi8vc3Jwc2thdGVuaXNsaWdhLnJzL2dldC1wbGF5ZXJzIjt9czo2OiJfZmxhc2giO2E6Mjp7czozOiJvbGQiO2E6MDp7fXM6MzoibmV3IjthOjA6e319fQ==',1748722048),('hoG5BudKn2II7lucwQIhhqzwXF0ZxuFXKQ4zqYJG',NULL,'185.26.175.55','Mozilla/5.0 (iPhone; CPU iPhone OS 18_4_1 like Mac OS X) AppleWebKit/605.1.15 (KHTML, like Gecko) Version/18.4 Mobile/15E148 Safari/604.1','YTozOntzOjY6Il90b2tlbiI7czo0MDoiZUJxbU0xSWVERm5hemZsa3V6bDRXenpNaXJzMm45UEt0WVBLY2YxbSI7czo5OiJfcHJldmlvdXMiO2E6MTp7czozOiJ1cmwiO3M6NjI6Imh0dHBzOi8vc3Jwc2thdGVuaXNsaWdhLnJzL2dldC1sZWFndWUvc3Rhbm92by1vcGVuLXR1cm5pci0yMDI1Ijt9czo2OiJfZmxhc2giO2E6Mjp7czozOiJvbGQiO2E6MDp7fXM6MzoibmV3IjthOjA6e319fQ==',1748723764),('IDgDTLKblor5FUBeji47alF9OnbzW9EZq9OtafC2',NULL,'178.220.135.153','Mozilla/5.0 (iPhone; CPU iPhone OS 18_5 like Mac OS X) AppleWebKit/605.1.15 (KHTML, like Gecko) Version/18.5 Mobile/15E148 Safari/604.1','YTozOntzOjY6Il90b2tlbiI7czo0MDoiU1JoR0twOUxMZTVZZ3htc2VLQVFhcXpRQzVJdEZvTXRBUHNrVGhWTCI7czo5OiJfcHJldmlvdXMiO2E6MTp7czozOiJ1cmwiO3M6Mzg6Imh0dHBzOi8vc3Jwc2thdGVuaXNsaWdhLnJzL2dldC1tYXRjaGVzIjt9czo2OiJfZmxhc2giO2E6Mjp7czozOiJvbGQiO2E6MDp7fXM6MzoibmV3IjthOjA6e319fQ==',1748730267),('IhNvXBO18KJU3T1wA0oqctJl5JtHbFQxDUKwZJTQ',NULL,'44.246.129.192','Mozilla/5.0 (Macintosh; PPC Mac OS X 10.9; rv:53.0) Gecko/20100101 Firefox/53.0','YTozOntzOjY6Il90b2tlbiI7czo0MDoiNHBoellqV0NpdnNRdTN2cGZTRkk4NGVVSHJEd0xlZGZOemozcll3ZiI7czo5OiJfcHJldmlvdXMiO2E6MTp7czozOiJ1cmwiO3M6MjY6Imh0dHBzOi8vc3Jwc2thdGVuaXNsaWdhLnJzIjt9czo2OiJfZmxhc2giO2E6Mjp7czozOiJvbGQiO2E6MDp7fXM6MzoibmV3IjthOjA6e319fQ==',1748733536),('iLULb9ROy4GjH28rKf2Jp4uLp9FwhVM0Y3wXAp5p',NULL,'66.249.66.6','Mozilla/5.0 (Linux; Android 6.0.1; Nexus 5X Build/MMB29P) AppleWebKit/537.36 (KHTML, like Gecko) Chrome/136.0.7103.92 Mobile Safari/537.36 (compatible; Googlebot/2.1; +http://www.google.com/bot.html)','YTozOntzOjY6Il90b2tlbiI7czo0MDoiVXNoVGdSclpaQUQ1a2trNU9QTUpQQmVqT01xYlpoZE1xd1VTUmJRZSI7czo5OiJfcHJldmlvdXMiO2E6MTp7czozOiJ1cmwiO3M6Mzg6Imh0dHBzOi8vc3Jwc2thdGVuaXNsaWdhLnJzL2dldC1wbGF5ZXJzIjt9czo2OiJfZmxhc2giO2E6Mjp7czozOiJvbGQiO2E6MDp7fXM6MzoibmV3IjthOjA6e319fQ==',1748769062),('IWWrOe6leuzeITEh3ylAoc1W1Wicn0SYK5e5TSpw',NULL,'35.94.126.162','Mozilla/5.0 (X11; Linux x86_64) AppleWebKit/537.36 (KHTML, like Gecko) Chrome/83.0.4103.97 Safari/537.36','YTozOntzOjY6Il90b2tlbiI7czo0MDoiRk9KUVk1NTNBYWs4a2pwWUNJUmh2TkVFWFM4SW9lM2RnSmYwRWdxYiI7czo5OiJfcHJldmlvdXMiO2E6MTp7czozOiJ1cmwiO3M6MjY6Imh0dHBzOi8vc3Jwc2thdGVuaXNsaWdhLnJzIjt9czo2OiJfZmxhc2giO2E6Mjp7czozOiJvbGQiO2E6MDp7fXM6MzoibmV3IjthOjA6e319fQ==',1748769759),('jF4fOm1qsdg0wbQj3hGUirZk7gYtoSeTjsskjegx',NULL,'66.249.66.67','Mozilla/5.0 (Linux; Android 6.0.1; Nexus 5X Build/MMB29P) AppleWebKit/537.36 (KHTML, like Gecko) Chrome/136.0.7103.92 Mobile Safari/537.36 (compatible; Googlebot/2.1; +http://www.google.com/bot.html)','YTozOntzOjY6Il90b2tlbiI7czo0MDoiR1J3M3gyWWN2MHdTZnU3Z0NDSTRIa0lKM3A4U3lweFI5a0tVTk1EViI7czo5OiJfcHJldmlvdXMiO2E6MTp7czozOiJ1cmwiO3M6NjM6Imh0dHBzOi8vc3Jwc2thdGVuaXNsaWdhLnJzL2dldC1sZWFndWUvYmFzZWxpbmUtbGV0bmphLWxpZ2EtMjAyNSI7fXM6NjoiX2ZsYXNoIjthOjI6e3M6Mzoib2xkIjthOjA6e31zOjM6Im5ldyI7YTowOnt9fX0=',1748737165),('Kct8V0vvGu6KNgeUfr10u5ReTaCz7se4pY5VVfUU',NULL,'66.249.66.5','Mozilla/5.0 (Linux; Android 6.0.1; Nexus 5X Build/MMB29P) AppleWebKit/537.36 (KHTML, like Gecko) Chrome/136.0.7103.92 Mobile Safari/537.36 (compatible; Googlebot/2.1; +http://www.google.com/bot.html)','YTozOntzOjY6Il90b2tlbiI7czo0MDoiQTd0S0ZtcnJIYmE4MmVLbGFHWFhyTFVGMVZzd1ZhU0EyTlZaUHZXQSI7czo5OiJfcHJldmlvdXMiO2E6MTp7czozOiJ1cmwiO3M6NDY6Imh0dHBzOi8vc3Jwc2thdGVuaXNsaWdhLnJzL2dldC1wbGF5ZXItY2hhcnQvNDQiO31zOjY6Il9mbGFzaCI7YToyOntzOjM6Im9sZCI7YTowOnt9czozOiJuZXciO2E6MDp7fX19',1748744358),('KuJUhp8jK0uf9uJhG6ugThrHSXFDvwZB88cIAAJP',NULL,'78.3.243.186','Mozilla/5.0 (Linux; Android 10; K) AppleWebKit/537.36 (KHTML, like Gecko) Chrome/136.0.0.0 Mobile Safari/537.36','YTozOntzOjY6Il90b2tlbiI7czo0MDoiRWlLdUdXYldNa1JzWTRlRXNqTDJrZWNpUHZCeDlGUE9qeWVLVmQ0SyI7czo5OiJfcHJldmlvdXMiO2E6MTp7czozOiJ1cmwiO3M6Mzg6Imh0dHBzOi8vc3Jwc2thdGVuaXNsaWdhLnJzL2dldC1tYXRjaGVzIjt9czo2OiJfZmxhc2giO2E6Mjp7czozOiJvbGQiO2E6MDp7fXM6MzoibmV3IjthOjA6e319fQ==',1748723928),('KUoRgt8fXZ7GzsrB4hYbf4Elfvo4Qk2wOfCohSfW',NULL,'54.36.148.60','Mozilla/5.0 (compatible; AhrefsBot/7.0; +http://ahrefs.com/robot/)','YTozOntzOjY6Il90b2tlbiI7czo0MDoicU9tNmFZTklGNkpnT3VaNXlIVE9MZ29NMFMwZGJpRWxxc01kM3p0eSI7czo5OiJfcHJldmlvdXMiO2E6MTp7czozOiJ1cmwiO3M6NDc6Imh0dHBzOi8vd3d3LnNycHNrYXRlbmlzbGlnYS5ycy9hbGVrc2VqLXBldHJvdmljIjt9czo2OiJfZmxhc2giO2E6Mjp7czozOiJvbGQiO2E6MDp7fXM6MzoibmV3IjthOjA6e319fQ==',1748724686),('LOdQJMBlT8hObnXm2dFQqImukMeyej4SjbXWbo2l',NULL,'54.36.148.113','Mozilla/5.0 (compatible; AhrefsBot/7.0; +http://ahrefs.com/robot/)','YTozOntzOjY6Il90b2tlbiI7czo0MDoibmdqVXh0TEx3N1J6VUZWN1ExeDNZZ0hCTW5Kb244WEVOUjlQWXVvZiI7czo5OiJfcHJldmlvdXMiO2E6MTp7czozOiJ1cmwiO3M6NDQ6Imh0dHBzOi8vd3d3LnNycHNrYXRlbmlzbGlnYS5ycy9pZ29yLXphZHJhdmVjIjt9czo2OiJfZmxhc2giO2E6Mjp7czozOiJvbGQiO2E6MDp7fXM6MzoibmV3IjthOjA6e319fQ==',1748775682),('LtKllKxiXiomPnNbtWkqR39E24KM1goETxOEeoMH',NULL,'66.249.66.193','Mozilla/5.0 (Linux; Android 6.0.1; Nexus 5X Build/MMB29P) AppleWebKit/537.36 (KHTML, like Gecko) Chrome/136.0.7103.113 Mobile Safari/537.36 (compatible; Googlebot/2.1; +http://www.google.com/bot.html)','YTozOntzOjY6Il90b2tlbiI7czo0MDoiVnlZY3VKRlM5a05tblF0RDN1R242YkM1TkdXOHVlSWpodVFYMklZNyI7czo5OiJfcHJldmlvdXMiO2E6MTp7czozOiJ1cmwiO3M6NDI6Imh0dHBzOi8vc3Jwc2thdGVuaXNsaWdhLnJzL3ZlbGprby1nbGlzb3ZpYyI7fXM6NjoiX2ZsYXNoIjthOjI6e3M6Mzoib2xkIjthOjA6e31zOjM6Im5ldyI7YTowOnt9fX0=',1748744280),('mbPPpjjHhg4B9FUbFRE5ISI0FlkrRWHzvamIiGgz',NULL,'78.3.243.186','Mozilla/5.0 (Windows NT 10.0; Win64; x64) AppleWebKit/537.36 (KHTML, like Gecko) Chrome/137.0.0.0 Safari/537.36','YTozOntzOjY6Il90b2tlbiI7czo0MDoiazVxQkpYQ2FPUFNKZ0lqSzRub2VVcTBMRGNCUnFBN0twU2NYVWlWcCI7czo5OiJfcHJldmlvdXMiO2E6MTp7czozOiJ1cmwiO3M6Mzg6Imh0dHBzOi8vc3Jwc2thdGVuaXNsaWdhLnJzL2dldC1wbGF5ZXJzIjt9czo2OiJfZmxhc2giO2E6Mjp7czozOiJvbGQiO2E6MDp7fXM6MzoibmV3IjthOjA6e319fQ==',1748727860),('mjEoWWRMLYuSutKiw9bn0CZ7BQ24HIHloFVWGIRx',NULL,'54.36.148.85','Mozilla/5.0 (compatible; AhrefsBot/7.0; +http://ahrefs.com/robot/)','YTozOntzOjY6Il90b2tlbiI7czo0MDoiYjdNZU1OS2JQT2lDRms5ejZZejdnY2M4U3h5d1oyeXZyV1hkYUV3WSI7czo5OiJfcHJldmlvdXMiO2E6MTp7czozOiJ1cmwiO3M6Mzk6Imh0dHBzOi8vc3Jwc2thdGVuaXNsaWdhLnJzL2xpZ2UtdHVybmlyaSI7fXM6NjoiX2ZsYXNoIjthOjI6e3M6Mzoib2xkIjthOjA6e31zOjM6Im5ldyI7YTowOnt9fX0=',1748748727),('MUTYDE2wJYtlXYU9bIOdmV27kwgE65O9DcCNEK0R',NULL,'86.32.129.18','NetworkingExtension/8620.2.4.10.7 CFNetwork/3826.400.120 Darwin/24.3.0','YTozOntzOjY6Il90b2tlbiI7czo0MDoibWgwbVhodHBPM0U2OFBnSk5PVHZqZTcyYVltc1ZodUtZaThhdVlFdyI7czo5OiJfcHJldmlvdXMiO2E6MTp7czozOiJ1cmwiO3M6MjY6Imh0dHBzOi8vc3Jwc2thdGVuaXNsaWdhLnJzIjt9czo2OiJfZmxhc2giO2E6Mjp7czozOiJvbGQiO2E6MDp7fXM6MzoibmV3IjthOjA6e319fQ==',1748725227),('n0Z1fMyviKwhPZOYZkiIHOItN8gKYnvG9oRfESGw',NULL,'66.249.66.193','Mozilla/5.0 (Linux; Android 6.0.1; Nexus 5X Build/MMB29P) AppleWebKit/537.36 (KHTML, like Gecko) Chrome/136.0.7103.92 Mobile Safari/537.36 (compatible; Googlebot/2.1; +http://www.google.com/bot.html)','YTozOntzOjY6Il90b2tlbiI7czo0MDoiY3J1akVsODhhSEp1Nm9ZQ2VYbE1UUnF6S1pKWllSQzFqSGRzZUttVSI7czo5OiJfcHJldmlvdXMiO2E6MTp7czozOiJ1cmwiO3M6NDI6Imh0dHBzOi8vd3d3LnNycHNrYXRlbmlzbGlnYS5ycy9nZXQtbGVhZ3VlcyI7fXM6NjoiX2ZsYXNoIjthOjI6e3M6Mzoib2xkIjthOjA6e31zOjM6Im5ldyI7YTowOnt9fX0=',1748733997),('NmuQylF4WZC5vND2IopAURwUFA49XOI8XMbu9o1c',NULL,'176.76.224.182','Mozilla/5.0 (iPhone; CPU iPhone OS 18_3_1 like Mac OS X) AppleWebKit/605.1.15 (KHTML, like Gecko) Version/18.3 Mobile/15E148 Safari/604.1 Ddg/18.3','YTozOntzOjY6Il90b2tlbiI7czo0MDoiNU80Vmh4VFJIVVNabzVUbHhmb1BJUVE2bGUwZFJNZ1I1R0Q4b0tIRyI7czo5OiJfcHJldmlvdXMiO2E6MTp7czozOiJ1cmwiO3M6Mzg6Imh0dHBzOi8vc3Jwc2thdGVuaXNsaWdhLnJzL2dldC1wbGF5ZXJzIjt9czo2OiJfZmxhc2giO2E6Mjp7czozOiJvbGQiO2E6MDp7fXM6MzoibmV3IjthOjA6e319fQ==',1748759756),('NonSv1VpuyfdSQ4Jp5MjzgRPQqROb9GEyMn5SPAm',NULL,'86.32.129.18','Mozilla/5.0 (Macintosh; Intel Mac OS X 10_11_1) AppleWebKit/601.2.4 (KHTML, like Gecko) Version/9.0.1 Safari/601.2.4 facebookexternalhit/1.1 Facebot Twitterbot/1.0','YTozOntzOjY6Il90b2tlbiI7czo0MDoiM2NGeUJnN0o3OHpSa29kVlpMWUhkMzB2WmVheVZmMlM3MmtuWGpQZiI7czo5OiJfcHJldmlvdXMiO2E6MTp7czozOiJ1cmwiO3M6MjY6Imh0dHBzOi8vc3Jwc2thdGVuaXNsaWdhLnJzIjt9czo2OiJfZmxhc2giO2E6Mjp7czozOiJvbGQiO2E6MDp7fXM6MzoibmV3IjthOjA6e319fQ==',1748725227),('O6eLjZwZEjVQzEw0ragR2rcxh9uR2htLgaNtUIvE',NULL,'94.189.204.104','Mozilla/5.0 (iPhone; CPU iPhone OS 18_5 like Mac OS X) AppleWebKit/605.1.15 (KHTML, like Gecko) Mobile/15E148','YTozOntzOjY6Il90b2tlbiI7czo0MDoiRzBpdmJtNnNQUU5CRlBiZmFhT1ptNk5tWVJNbzZKdGxuQ25QT2JjZCI7czo5OiJfcHJldmlvdXMiO2E6MTp7czozOiJ1cmwiO3M6NTA6Imh0dHBzOi8vc3Jwc2thdGVuaXNsaWdhLnJzL3RvcGFjby1sZXRuamEtbGlnYS0yMDI1Ijt9czo2OiJfZmxhc2giO2E6Mjp7czozOiJvbGQiO2E6MDp7fXM6MzoibmV3IjthOjA6e319fQ==',1748733038),('OKumacSGlqrc4XHkLPPuEdXIRfJTcRkU1VHhDFrb',NULL,'109.245.39.112','Mozilla/5.0 (Linux; Android 10; K) AppleWebKit/537.36 (KHTML, like Gecko) Chrome/136.0.0.0 Mobile Safari/537.36','YTozOntzOjY6Il90b2tlbiI7czo0MDoiU2dXNHFnQzdYZFN1dmxvdlhCUkV5aE1vQ05jOGgxVFlsV0t6OGdnZiI7czo5OiJfcHJldmlvdXMiO2E6MTp7czozOiJ1cmwiO3M6NDA6Imh0dHBzOi8vc3Jwc2thdGVuaXNsaWdhLnJzL2JvcmlzLXZ1a292aWMiO31zOjY6Il9mbGFzaCI7YToyOntzOjM6Im9sZCI7YTowOnt9czozOiJuZXciO2E6MDp7fX19',1748769684),('OPmnLg8rhVuSLSnzjkYNWLFoqyVhHibKPrCV1Ug9',NULL,'40.69.22.202','','YTozOntzOjY6Il90b2tlbiI7czo0MDoiM3lEQk94NVZrVWZyZ2FUbmdYZ2wxTU8wVEZDWWNhajJVUTZrWHg5OSI7czo5OiJfcHJldmlvdXMiO2E6MTp7czozOiJ1cmwiO3M6MjY6Imh0dHBzOi8vc3Jwc2thdGVuaXNsaWdhLnJzIjt9czo2OiJfZmxhc2giO2E6Mjp7czozOiJvbGQiO2E6MDp7fXM6MzoibmV3IjthOjA6e319fQ==',1748721176),('orLiYxTFhk7cXynjfxKN7R15kkXqKTjbNEp8DnW8',NULL,'78.3.243.186','Mozilla/5.0 (Linux; Android 10; K) AppleWebKit/537.36 (KHTML, like Gecko) Chrome/136.0.0.0 Mobile Safari/537.36','YTozOntzOjY6Il90b2tlbiI7czo0MDoiVFZqMEtKQnlrZkpWTnJHT2daRWtYRDhRalZVNk96M3p0Slg0NUJWZyI7czo5OiJfcHJldmlvdXMiO2E6MTp7czozOiJ1cmwiO3M6NDU6Imh0dHBzOi8vc3Jwc2thdGVuaXNsaWdhLnJzL2dldC1wbGF5ZXItY2hhcnQvNCI7fXM6NjoiX2ZsYXNoIjthOjI6e3M6Mzoib2xkIjthOjA6e31zOjM6Im5ldyI7YTowOnt9fX0=',1748724310),('OuDEQ0o3ZeGpixOpwtzjrzljbDR9X7h1kW9ErYTc',NULL,'66.249.66.45','Mozilla/5.0 (Linux; Android 6.0.1; Nexus 5X Build/MMB29P) AppleWebKit/537.36 (KHTML, like Gecko) Chrome/136.0.7103.92 Mobile Safari/537.36 (compatible; Googlebot/2.1; +http://www.google.com/bot.html)','YTozOntzOjY6Il90b2tlbiI7czo0MDoiNUxsZktPZ1ZmOEtmOThrOEZkSW9FR2dyczJQOFZEZWxvb0lSTXpGYiI7czo5OiJfcHJldmlvdXMiO2E6MTp7czozOiJ1cmwiO3M6NTA6Imh0dHBzOi8vd3d3LnNycHNrYXRlbmlzbGlnYS5ycy9nZXQtcGxheWVyLWNoYXJ0LzI1Ijt9czo2OiJfZmxhc2giO2E6Mjp7czozOiJvbGQiO2E6MDp7fXM6MzoibmV3IjthOjA6e319fQ==',1748767764),('Pzc2mxADfk7dSfzaTgrLVItA1pz4GoQna5GEERXj',NULL,'52.178.146.83','','YTozOntzOjY6Il90b2tlbiI7czo0MDoiQ3dzUjk0V1FRT2kwMnZJQ3lhUnQ1Q1FrRFJoTldCWjN1RHNQSXBkUiI7czo5OiJfcHJldmlvdXMiO2E6MTp7czozOiJ1cmwiO3M6MjY6Imh0dHBzOi8vc3Jwc2thdGVuaXNsaWdhLnJzIjt9czo2OiJfZmxhc2giO2E6Mjp7czozOiJvbGQiO2E6MDp7fXM6MzoibmV3IjthOjA6e319fQ==',1748776234),('pZk5YoCsbg4CyMnl9SmBm4hnUERkAZAqJQHjiHXh',NULL,'66.249.66.45','Mozilla/5.0 (Linux; Android 6.0.1; Nexus 5X Build/MMB29P) AppleWebKit/537.36 (KHTML, like Gecko) Chrome/136.0.7103.92 Mobile Safari/537.36 (compatible; Googlebot/2.1; +http://www.google.com/bot.html)','YTozOntzOjY6Il90b2tlbiI7czo0MDoiYTR2Y0RUTEQwTktPNmlHRkdsTkRjcVJaUThyNFJqZnFJN09zOW56bCI7czo5OiJfcHJldmlvdXMiO2E6MTp7czozOiJ1cmwiO3M6NzU6Imh0dHBzOi8vd3d3LnNycHNrYXRlbmlzbGlnYS5ycy9nZXQtbGVhZ3VlL2Jhc2VsaW5lLWJlb2dyYWQtb3Blbi10dXJuaXItMjAyNSI7fXM6NjoiX2ZsYXNoIjthOjI6e3M6Mzoib2xkIjthOjA6e31zOjM6Im5ldyI7YTowOnt9fX0=',1748778447),('Q0FKn6LlHvIFmxRxRxhYzJ3zOB0AoO55IUX7CV7f',NULL,'54.36.148.169','Mozilla/5.0 (compatible; AhrefsBot/7.0; +http://ahrefs.com/robot/)','YTozOntzOjY6Il90b2tlbiI7czo0MDoiNjRmTlJnejJGSVgyMWI3UXlPbmVGSXlLT1QwbjlTUXo2VVFUVVgwRiI7czo5OiJfcHJldmlvdXMiO2E6MTp7czozOiJ1cmwiO3M6NDY6Imh0dHBzOi8vd3d3LnNycHNrYXRlbmlzbGlnYS5ycy9pdmFuLW1hcmphbm92aWMiO31zOjY6Il9mbGFzaCI7YToyOntzOjM6Im9sZCI7YTowOnt9czozOiJuZXciO2E6MDp7fX19',1748733820),('Qqp2JPUX94FbXzAqEGUGH8XptrLPcqMKJohuvYae',NULL,'94.189.204.104','Mozilla/5.0 (iPhone; CPU iPhone OS 18_5 like Mac OS X) AppleWebKit/605.1.15 (KHTML, like Gecko) Version/18.5 Mobile/15E148 Safari/604.1','YTozOntzOjY6Il90b2tlbiI7czo0MDoiaktLR3g4WERBcHM4OUhrVmgwRE9ybWxsNlhiMFZ2Qmc1bXJaYXZBVSI7czo5OiJfcHJldmlvdXMiO2E6MTp7czozOiJ1cmwiO3M6NjE6Imh0dHBzOi8vc3Jwc2thdGVuaXNsaWdhLnJzL2dldC1sZWFndWUvdG9wYWNvLWxldG5qYS1saWdhLTIwMjUiO31zOjY6Il9mbGFzaCI7YToyOntzOjM6Im9sZCI7YTowOnt9czozOiJuZXciO2E6MDp7fX19',1748762214),('rDquQOCYig8zdhMyuMivVwwrNT64IWJoL9saicdB',NULL,'54.36.148.212','Mozilla/5.0 (compatible; AhrefsBot/7.0; +http://ahrefs.com/robot/)','YTozOntzOjY6Il90b2tlbiI7czo0MDoiWFlQSzNVOW9pUkExUWVUcElxcUxVd3ROaDczZUFpTEwyeUJHaGYzNiI7czo5OiJfcHJldmlvdXMiO2E6MTp7czozOiJ1cmwiO3M6NDU6Imh0dHBzOi8vd3d3LnNycHNrYXRlbmlzbGlnYS5ycy9hbmRyZWotemliZXJuYSI7fXM6NjoiX2ZsYXNoIjthOjI6e3M6Mzoib2xkIjthOjA6e31zOjM6Im5ldyI7YTowOnt9fX0=',1748737710),('rhiBl2VBHqdgY1Z6urMZlRmOnTEMwZ7kCJwV3IiA',NULL,'54.36.148.99','Mozilla/5.0 (compatible; AhrefsBot/7.0; +http://ahrefs.com/robot/)','YTozOntzOjY6Il90b2tlbiI7czo0MDoiMk5XWTVLVzZ5d29WVU5reWtWejVKV0loM0ZFUmJDNHJmdGpqNlZ4cSI7czo5OiJfcHJldmlvdXMiO2E6MTp7czozOiJ1cmwiO3M6MzM6Imh0dHBzOi8vc3Jwc2thdGVuaXNsaWdhLnJzL21lY2V2aSI7fXM6NjoiX2ZsYXNoIjthOjI6e3M6Mzoib2xkIjthOjA6e31zOjM6Im5ldyI7YTowOnt9fX0=',1748741674),('RjpTwlZZdSPuiJnncoSj8k1Jup9VBIz8vmT3JI4R',NULL,'107.151.214.90','Mozilla/5.0 (Windows NT 10.0; Win64; x64) AppleWebKit/537.36 (KHTML, like Gecko) Chrome/80.0.3987.149 Safari/537.36','YTozOntzOjY6Il90b2tlbiI7czo0MDoiSDY2dXlsOTNOTE5jSllPS3FCcEF5dkdyVU1VTmFzQTNNTk9WTnE1RCI7czo5OiJfcHJldmlvdXMiO2E6MTp7czozOiJ1cmwiO3M6MjY6Imh0dHBzOi8vc3Jwc2thdGVuaXNsaWdhLnJzIjt9czo2OiJfZmxhc2giO2E6Mjp7czozOiJvbGQiO2E6MDp7fXM6MzoibmV3IjthOjA6e319fQ==',1748772726),('rKSSCe9p0jaqTWA2tmzv3EnZxMqDjIUor0c3HRHb',NULL,'78.3.243.186','Mozilla/5.0 (X11; Linux x86_64) AppleWebKit/537.36 (KHTML, like Gecko) Chrome/136.0.0.0 Safari/537.36','YTozOntzOjY6Il90b2tlbiI7czo0MDoibnR4UnFuTEc2aEVzZUxnbWh4VWFIRU5rV212aTR3anBybzM4Y1RoTCI7czo5OiJfcHJldmlvdXMiO2E6MTp7czozOiJ1cmwiO3M6Mzg6Imh0dHBzOi8vc3Jwc2thdGVuaXNsaWdhLnJzL2dldC1wbGF5ZXJzIjt9czo2OiJfZmxhc2giO2E6Mjp7czozOiJvbGQiO2E6MDp7fXM6MzoibmV3IjthOjA6e319fQ==',1748720283),('Sp0NAhFUogmpNdDMTOpqkmKughdVRyORSoMd6vOz',NULL,'66.249.66.42','Mozilla/5.0 (compatible; Googlebot/2.1; +http://www.google.com/bot.html)','YTozOntzOjY6Il90b2tlbiI7czo0MDoiZzZKOGFHMVFuamlVNURDN05iZHE3T0t3ZmlGbVEwTW5DTTVCRkRoSCI7czo5OiJfcHJldmlvdXMiO2E6MTp7czozOiJ1cmwiO3M6MjY6Imh0dHBzOi8vc3Jwc2thdGVuaXNsaWdhLnJzIjt9czo2OiJfZmxhc2giO2E6Mjp7czozOiJvbGQiO2E6MDp7fXM6MzoibmV3IjthOjA6e319fQ==',1748762390),('T8CcW64RTB3oB2pcz6Kpf9RYdJB6QVNvohZY4Kss',NULL,'137.135.190.202','','YTozOntzOjY6Il90b2tlbiI7czo0MDoiVDdaMFdzRHZMUDNqVTFuSW04QXVNbzNSMWE0WmxZRG45WmRqRTNiUiI7czo5OiJfcHJldmlvdXMiO2E6MTp7czozOiJ1cmwiO3M6MjY6Imh0dHBzOi8vc3Jwc2thdGVuaXNsaWdhLnJzIjt9czo2OiJfZmxhc2giO2E6Mjp7czozOiJvbGQiO2E6MDp7fXM6MzoibmV3IjthOjA6e319fQ==',1748759141),('TMoZ2GU9MsjqGhyS7vUhcajJ1CpS5ruLCZklRO8D',NULL,'66.249.66.169','Mozilla/5.0 (Linux; Android 6.0.1; Nexus 5X Build/MMB29P) AppleWebKit/537.36 (KHTML, like Gecko) Chrome/136.0.7103.92 Mobile Safari/537.36 (compatible; Googlebot/2.1; +http://www.google.com/bot.html)','YTozOntzOjY6Il90b2tlbiI7czo0MDoiUTF6eExOb0UxbHNYNWlPSFpJYXNrZlRTTkRoYzFrYWVoTGtnZDhaUyI7czo5OiJfcHJldmlvdXMiO2E6MTp7czozOiJ1cmwiO3M6NTA6Imh0dHBzOi8vd3d3LnNycHNrYXRlbmlzbGlnYS5ycy9nZXQtcGxheWVyLWNoYXJ0LzI3Ijt9czo2OiJfZmxhc2giO2E6Mjp7czozOiJvbGQiO2E6MDp7fXM6MzoibmV3IjthOjA6e319fQ==',1748727408),('tO6CRsqRjmXCrY91DFriZIOcysOyYcMBV5czq3oR',NULL,'54.36.148.15','Mozilla/5.0 (compatible; AhrefsBot/7.0; +http://ahrefs.com/robot/)','YTozOntzOjY6Il90b2tlbiI7czo0MDoiazNiUzlRdVdrWlprUGg2eWtyNk9MTE42cUhGRVl2S0xSQVN3Znk3VyI7czo5OiJfcHJldmlvdXMiO2E6MTp7czozOiJ1cmwiO3M6NDY6Imh0dHBzOi8vd3d3LnNycHNrYXRlbmlzbGlnYS5ycy9hbmRyaWphLW1hc292aWMiO31zOjY6Il9mbGFzaCI7YToyOntzOjM6Im9sZCI7YTowOnt9czozOiJuZXciO2E6MDp7fX19',1748756522),('u949v4G6iARBB6lmz3wuLfsfDKmy8W0Jl867XiMV',NULL,'78.3.243.186','WhatsApp/2.23.20.0','YTozOntzOjY6Il90b2tlbiI7czo0MDoiTnR1dWR6dTNtd0tSMFhpNW9UeDBFbWg1OEg4YTU5VzRrZnBSZ0h1biI7czo5OiJfcHJldmlvdXMiO2E6MTp7czozOiJ1cmwiO3M6MjY6Imh0dHBzOi8vc3Jwc2thdGVuaXNsaWdhLnJzIjt9czo2OiJfZmxhc2giO2E6Mjp7czozOiJvbGQiO2E6MDp7fXM6MzoibmV3IjthOjA6e319fQ==',1748723910),('UgGiwvwzPV9MA41C20M6qaFMKiR5k2tJ9GLQNCfu',NULL,'66.249.66.67','Mozilla/5.0 (Linux; Android 6.0.1; Nexus 5X Build/MMB29P) AppleWebKit/537.36 (KHTML, like Gecko) Chrome/136.0.7103.92 Mobile Safari/537.36 (compatible; Googlebot/2.1; +http://www.google.com/bot.html)','YTozOntzOjY6Il90b2tlbiI7czo0MDoiS0o0T1N4RTZYZlkycDFZNGNRSlVNWVcxa1d5c242ekQ3UGxaRVpFdiI7czo5OiJfcHJldmlvdXMiO2E6MTp7czozOiJ1cmwiO3M6Mzg6Imh0dHBzOi8vc3Jwc2thdGVuaXNsaWdhLnJzL2dldC1wbGF5ZXJzIjt9czo2OiJfZmxhc2giO2E6Mjp7czozOiJvbGQiO2E6MDp7fXM6MzoibmV3IjthOjA6e319fQ==',1748729845),('ugPDD3cGP0IfEBmGnMEIZGBzBgnu1FClC6fYJ9vd',NULL,'54.70.163.117','Mozilla/5.0 (X11; Linux x86_64) AppleWebKit/537.36 (KHTML, like Gecko) Chrome/83.0.4103.97 Safari/537.36','YTozOntzOjY6Il90b2tlbiI7czo0MDoiektvMmFVbTVRSmphR2I2RjhVTUpPZklmaHF5cUtNVlA1MkozZHozbyI7czo5OiJfcHJldmlvdXMiO2E6MTp7czozOiJ1cmwiO3M6MjY6Imh0dHBzOi8vc3Jwc2thdGVuaXNsaWdhLnJzIjt9czo2OiJfZmxhc2giO2E6Mjp7czozOiJvbGQiO2E6MDp7fXM6MzoibmV3IjthOjA6e319fQ==',1748771210),('uUi0uzByBQxiSK5oIqWwAKt3JhJAINfPRe4S53rJ',NULL,'94.189.204.104','Mozilla/5.0 (iPhone; CPU iPhone OS 18_5 like Mac OS X) AppleWebKit/605.1.15 (KHTML, like Gecko) Mobile/15E148','YTozOntzOjY6Il90b2tlbiI7czo0MDoieHVvb3d0aXFRc1N3ZVJ5ZVB4SUR3WjRnUTVGM0VoWFdQdFh0QVgwVCI7czo5OiJfcHJldmlvdXMiO2E6MTp7czozOiJ1cmwiO3M6NTA6Imh0dHBzOi8vc3Jwc2thdGVuaXNsaWdhLnJzL3RvcGFjby1sZXRuamEtbGlnYS0yMDI1Ijt9czo2OiJfZmxhc2giO2E6Mjp7czozOiJvbGQiO2E6MDp7fXM6MzoibmV3IjthOjA6e319fQ==',1748732346),('v012rxcU1t5gS19jSw59SgbjDkOsegmHcG0uVAbK',NULL,'93.87.116.32','Mozilla/5.0 (Windows NT 10.0; Win64; x64) AppleWebKit/537.36 (KHTML, like Gecko) Chrome/136.0.0.0 Safari/537.36 Edg/136.0.0.0','YTozOntzOjY6Il90b2tlbiI7czo0MDoiZERHUEpBN0p2dzBkcVU4aGltSmZMak5LeFpQVFN4bHdCVWFIRlI1RCI7czo5OiJfcHJldmlvdXMiO2E6MTp7czozOiJ1cmwiO3M6NDY6Imh0dHBzOi8vc3Jwc2thdGVuaXNsaWdhLnJzL2dldC1wbGF5ZXItY2hhcnQvMTMiO31zOjY6Il9mbGFzaCI7YToyOntzOjM6Im9sZCI7YTowOnt9czozOiJuZXciO2E6MDp7fX19',1748723325),('vii7GPXt9zCeYEMSLVCH7oDcMZVjP9UQyIfxCHEH',NULL,'94.189.204.104','Mozilla/5.0 (iPhone; CPU iPhone OS 18_5 like Mac OS X) AppleWebKit/605.1.15 (KHTML, like Gecko) Version/18.5 Mobile/15E148 Safari/604.1','YTozOntzOjY6Il90b2tlbiI7czo0MDoiRFMxUlJxMmtuSjNYb1EwcU5EVU96SDFOdG9vQWtmN3VXdFZBbXlYNSI7czo5OiJfcHJldmlvdXMiO2E6MTp7czozOiJ1cmwiO3M6NjE6Imh0dHBzOi8vc3Jwc2thdGVuaXNsaWdhLnJzL2dldC1sZWFndWUvdG9wYWNvLWxldG5qYS1saWdhLTIwMjUiO31zOjY6Il9mbGFzaCI7YToyOntzOjM6Im9sZCI7YTowOnt9czozOiJuZXciO2E6MDp7fX19',1748723718),('VP6YlzFWl2I7pZtJF1U3gwOzO5YgYSnfqpY2DUje',NULL,'78.3.243.186','WhatsApp/2.23.20.0','YTozOntzOjY6Il90b2tlbiI7czo0MDoiQTkxWUlTcDBxWGNueGt5ZTZ5dURYY2xDbGh2bmd5N0xSMXlVWTJJTSI7czo5OiJfcHJldmlvdXMiO2E6MTp7czozOiJ1cmwiO3M6MjY6Imh0dHBzOi8vc3Jwc2thdGVuaXNsaWdhLnJzIjt9czo2OiJfZmxhc2giO2E6Mjp7czozOiJvbGQiO2E6MDp7fXM6MzoibmV3IjthOjA6e319fQ==',1748720286),('Vt5Y3Dl2nizkrAWsCrfZ9z4d6M3Pvoyen1Rk9123',NULL,'94.189.204.104','Mozilla/5.0 (iPhone; CPU iPhone OS 18_5 like Mac OS X) AppleWebKit/605.1.15 (KHTML, like Gecko) Mobile/15E148','YTozOntzOjY6Il90b2tlbiI7czo0MDoiY005Y0FJbW1YVFR0UWdTYnFyUnc4YWhNNHdsdXliTmhwaEN1cFFqSCI7czo5OiJfcHJldmlvdXMiO2E6MTp7czozOiJ1cmwiO3M6NTA6Imh0dHBzOi8vc3Jwc2thdGVuaXNsaWdhLnJzL3RvcGFjby1sZXRuamEtbGlnYS0yMDI1Ijt9czo2OiJfZmxhc2giO2E6Mjp7czozOiJvbGQiO2E6MDp7fXM6MzoibmV3IjthOjA6e319fQ==',1748732572),('vxfIgS2cq0Zf1X713HDJz8GtJWGTFK6MPImIb6l2',NULL,'52.236.39.167','','YTozOntzOjY6Il90b2tlbiI7czo0MDoicjlMTnVwWUxsUHR2RDlFc1NpSlZ6UXZvSUNKWFdTWnZpekE4V2dtVSI7czo5OiJfcHJldmlvdXMiO2E6MTp7czozOiJ1cmwiO3M6MjY6Imh0dHBzOi8vc3Jwc2thdGVuaXNsaWdhLnJzIjt9czo2OiJfZmxhc2giO2E6Mjp7czozOiJvbGQiO2E6MDp7fXM6MzoibmV3IjthOjA6e319fQ==',1748729024),('WoZfz7XCBPafZ3xU2Asyo7nCtuVsxTeaWFHtmvon',NULL,'94.189.204.104','Mozilla/5.0 (iPhone; CPU iPhone OS 18_5 like Mac OS X) AppleWebKit/605.1.15 (KHTML, like Gecko) Mobile/15E148','YTozOntzOjY6Il90b2tlbiI7czo0MDoiZnF1QXNqTU9EWGRYTE1sZVBQRHZodXZYa09IVzVxZ1lWc1Vpc251aCI7czo5OiJfcHJldmlvdXMiO2E6MTp7czozOiJ1cmwiO3M6NTA6Imh0dHBzOi8vc3Jwc2thdGVuaXNsaWdhLnJzL3RvcGFjby1sZXRuamEtbGlnYS0yMDI1Ijt9czo2OiJfZmxhc2giO2E6Mjp7czozOiJvbGQiO2E6MDp7fXM6MzoibmV3IjthOjA6e319fQ==',1748731797),('xbsMRZj83OLgp9oKozbNcdetD8eUVu3wFMrY3yE7',NULL,'160.187.210.65','Mozilla/5.0 (Windows; U; Windows NT 6.1; en-US; rv:1.9.1.5) Gecko/20091102 Firefox/3.5.5 (.NET CLR 3.5.30729)','YTozOntzOjY6Il90b2tlbiI7czo0MDoiQVc3QTdyMG9TbEJKVVE1Zk1nVUV5MnVSV2pNUHZKU1BiVzlIVEhMdCI7czo5OiJfcHJldmlvdXMiO2E6MTp7czozOiJ1cmwiO3M6MjY6Imh0dHBzOi8vc3Jwc2thdGVuaXNsaWdhLnJzIjt9czo2OiJfZmxhc2giO2E6Mjp7czozOiJvbGQiO2E6MDp7fXM6MzoibmV3IjthOjA6e319fQ==',1748726674),('XE94ix9TxkG4OznUlU7neNNglPwZq6XA5yjH8Dns',NULL,'94.189.164.132','Mozilla/5.0 (iPhone; CPU iPhone OS 18_5 like Mac OS X) AppleWebKit/605.1.15 (KHTML, like Gecko) Version/18.5 Mobile/15E148 Safari/604.1','YTozOntzOjY6Il90b2tlbiI7czo0MDoiZmpoZ3YzRnZmN0Q1UTlNQ3BGUVlUT3JFeENXQkd5cWR2V0haZ3ZTRCI7czo5OiJfcHJldmlvdXMiO2E6MTp7czozOiJ1cmwiO3M6MzQ6Imh0dHBzOi8vc3Jwc2thdGVuaXNsaWdhLnJzL3ByYXZpbGEiO31zOjY6Il9mbGFzaCI7YToyOntzOjM6Im9sZCI7YTowOnt9czozOiJuZXciO2E6MDp7fX19',1748726407),('xGNQFhSis3SqWeajld9uxFKPpcpkjPdvMRkhBWlV',NULL,'68.235.46.26','Mozilla/5.0 (iPhone; CPU iPhone OS 18_5 like Mac OS X) AppleWebKit/605.1.15 (KHTML, like Gecko) Version/18.5 Mobile/15E148 Safari/604.1','YTozOntzOjY6Il90b2tlbiI7czo0MDoiUlFVT3lGWXJlYnV4SXJkTllOSmhrTU9DZnI5enBFY1JrSDZRRVlWRSI7czo5OiJfcHJldmlvdXMiO2E6MTp7czozOiJ1cmwiO3M6Mzg6Imh0dHBzOi8vc3Jwc2thdGVuaXNsaWdhLnJzL2dldC1wbGF5ZXJzIjt9czo2OiJfZmxhc2giO2E6Mjp7czozOiJvbGQiO2E6MDp7fXM6MzoibmV3IjthOjA6e319fQ==',1748724128),('XIPXRt0cXT16907hvlsar7NqjjRy5IZp3uAS5mYj',NULL,'66.249.66.43','Mozilla/5.0 (Linux; Android 6.0.1; Nexus 5X Build/MMB29P) AppleWebKit/537.36 (KHTML, like Gecko) Chrome/136.0.7103.92 Mobile Safari/537.36 (compatible; Googlebot/2.1; +http://www.google.com/bot.html)','YTozOntzOjY6Il90b2tlbiI7czo0MDoiUG1YdEVqMmgzeWxlOHBmcUV5U2dLZ2lDYmo1VWw2dkV1cW44ZjNUNCI7czo5OiJfcHJldmlvdXMiO2E6MTp7czozOiJ1cmwiO3M6NTg6Imh0dHBzOi8vc3Jwc2thdGVuaXNsaWdhLnJzL2dldC1sZWFndWUvYnRrLWxldG5qYS1saWdhLTIwMjUiO31zOjY6Il9mbGFzaCI7YToyOntzOjM6Im9sZCI7YTowOnt9czozOiJuZXciO2E6MDp7fX19',1748730103),('xkD7F2i854qnQ3GoxRYAoiv2gKmerrAZItLjgCg1',NULL,'198.235.24.182','','YTozOntzOjY6Il90b2tlbiI7czo0MDoiWm5jV1FQTzNWUFVKN0RIUHJYMWZXT2UyN1lMYkhjWG12SHBlODFvMSI7czo5OiJfcHJldmlvdXMiO2E6MTp7czozOiJ1cmwiO3M6MjY6Imh0dHBzOi8vc3Jwc2thdGVuaXNsaWdhLnJzIjt9czo2OiJfZmxhc2giO2E6Mjp7czozOiJvbGQiO2E6MDp7fXM6MzoibmV3IjthOjA6e319fQ==',1748750365),('xmQFDXZb5jyXKAuzXCCh2kWfuZh4Cl6KgjOiiJcQ',NULL,'44.248.157.15','Mozilla/5.0 (Macintosh; Intel Mac OS X 10_15_7) AppleWebKit/537.36 (KHTML, like Gecko) Chrome/134.0.0.0 Safari/537.36','YTozOntzOjY6Il90b2tlbiI7czo0MDoiWGdiVzVHN1ZBMmNWTFhFREI0ZVlqaGJQb1hDckVVN2NNT1V1aWNlVCI7czo5OiJfcHJldmlvdXMiO2E6MTp7czozOiJ1cmwiO3M6MjY6Imh0dHBzOi8vc3Jwc2thdGVuaXNsaWdhLnJzIjt9czo2OiJfZmxhc2giO2E6Mjp7czozOiJvbGQiO2E6MDp7fXM6MzoibmV3IjthOjA6e319fQ==',1748752948),('xrbArvFJ1uc2mGRqwdZcv6QpuVTw5HHpyagEcJDa',NULL,'78.3.243.186','Mozilla/5.0 (Linux; Android 10; K) AppleWebKit/537.36 (KHTML, like Gecko) Chrome/136.0.0.0 Mobile Safari/537.36','YTozOntzOjY6Il90b2tlbiI7czo0MDoia2l2aFBLN1ZWMkRCODFFQU5uWFVmRWc2Q0pCM21TWDIzemIxTEpidSI7czo5OiJfcHJldmlvdXMiO2E6MTp7czozOiJ1cmwiO3M6NDE6Imh0dHBzOi8vc3Jwc2thdGVuaXNsaWdhLnJzL2dldC1zdGF0aXN0aWNzIjt9czo2OiJfZmxhc2giO2E6Mjp7czozOiJvbGQiO2E6MDp7fXM6MzoibmV3IjthOjA6e319fQ==',1748720429),('YB0aETuon87Ybz0Y2k3aX5P9hRAIs4ZLRDSRopTp',NULL,'185.26.174.7','Mozilla/5.0 (Linux; Android 10; K) AppleWebKit/537.36 (KHTML, like Gecko) Chrome/136.0.0.0 Mobile Safari/537.36','YTozOntzOjY6Il90b2tlbiI7czo0MDoiUTRJbDFETEhxcXhlNWRsWHl3Q1dDVE9jQmpwbnVrdFhNc1p3TWFiayI7czo5OiJfcHJldmlvdXMiO2E6MTp7czozOiJ1cmwiO3M6Mzg6Imh0dHBzOi8vc3Jwc2thdGVuaXNsaWdhLnJzL2dldC1wbGF5ZXJzIjt9czo2OiJfZmxhc2giO2E6Mjp7czozOiJvbGQiO2E6MDp7fXM6MzoibmV3IjthOjA6e319fQ==',1748727131),('ybPovYASeEda0VY5bfpguyQLJ8sQjyEvWhXOJxb4',NULL,'54.36.149.72','Mozilla/5.0 (compatible; AhrefsBot/7.0; +http://ahrefs.com/robot/)','YTozOntzOjY6Il90b2tlbiI7czo0MDoiSmREb2daSERvajB0V2luSmVqeWhrSmhvbGxhREpTRE1VSWxJalVtWSI7czo5OiJfcHJldmlvdXMiO2E6MTp7czozOiJ1cmwiO3M6NDQ6Imh0dHBzOi8vd3d3LnNycHNrYXRlbmlzbGlnYS5ycy9ib3Jpcy12dWtvdmljIjt9czo2OiJfZmxhc2giO2E6Mjp7czozOiJvbGQiO2E6MDp7fXM6MzoibmV3IjthOjA6e319fQ==',1748739734),('zDzgN6E7X8NmhrFEduwFNVpRUWN00cbCt2uTBtPW',NULL,'54.36.148.220','Mozilla/5.0 (compatible; AhrefsBot/7.0; +http://ahrefs.com/robot/)','YTozOntzOjY6Il90b2tlbiI7czo0MDoia1lNcGNkbEV1WUgybVRpbVhEZmtKWVBtTlZoc1NlQzIzbUZ0dkNldCI7czo5OiJfcHJldmlvdXMiO2E6MTp7czozOiJ1cmwiO3M6NTE6Imh0dHBzOi8vd3d3LnNycHNrYXRlbmlzbGlnYS5ycy9icmFuaW1pci12aWxpbW9ub3ZpYyI7fXM6NjoiX2ZsYXNoIjthOjI6e3M6Mzoib2xkIjthOjA6e31zOjM6Im5ldyI7YTowOnt9fX0=',1748778203),('ziIhToF2f61vPBeRKExIN1QOz7Vrw4c4SvS17EEj',NULL,'109.245.204.57','Mozilla/5.0 (Linux; Android 10; K) AppleWebKit/537.36 (KHTML, like Gecko) SamsungBrowser/28.0 Chrome/130.0.0.0 Mobile Safari/537.36','YTozOntzOjY6Il90b2tlbiI7czo0MDoiaU9uRlJXYmcxRGc4dXJwUUphUUtoYzZ0RDhjUjlpcG13M2RHWVdPUyI7czo5OiJfcHJldmlvdXMiO2E6MTp7czozOiJ1cmwiO3M6Mzg6Imh0dHBzOi8vc3Jwc2thdGVuaXNsaWdhLnJzL2dldC1wbGF5ZXJzIjt9czo2OiJfZmxhc2giO2E6Mjp7czozOiJvbGQiO2E6MDp7fXM6MzoibmV3IjthOjA6e319fQ==',1748723196),('ZKkdKoZltV6pYEsJ04I2ZARFNxUUvvt2Ii5SBI1B',NULL,'86.32.129.18','Mozilla/5.0 (iPhone; CPU iPhone OS 18_3_1 like Mac OS X) AppleWebKit/605.1.15 (KHTML, like Gecko) Version/18.3 Mobile/15E148 Safari/604.1 Ddg/18.3','YTozOntzOjY6Il90b2tlbiI7czo0MDoiaFQxdWVjaTBiT0hsTDN2bEF3S3dpVnlNcUVNME5hWldSYzliUUl0UiI7czo5OiJfcHJldmlvdXMiO2E6MTp7czozOiJ1cmwiO3M6Mzg6Imh0dHBzOi8vc3Jwc2thdGVuaXNsaWdhLnJzL2dldC1wbGF5ZXJzIjt9czo2OiJfZmxhc2giO2E6Mjp7czozOiJvbGQiO2E6MDp7fXM6MzoibmV3IjthOjA6e319fQ==',1748725227),('ZuuSYTEOajE8Go6J8Pn8uOxJu05EpY39bmTTXZcQ',NULL,'54.36.148.115','Mozilla/5.0 (compatible; AhrefsBot/7.0; +http://ahrefs.com/robot/)','YTozOntzOjY6Il90b2tlbiI7czo0MDoiczhnaElBbExuTUxqRDZ1UXhTdmRHbHJpYThxdnlWenpuR1hTaGdpZCI7czo5OiJfcHJldmlvdXMiO2E6MTp7czozOiJ1cmwiO3M6NDc6Imh0dHBzOi8vd3d3LnNycHNrYXRlbmlzbGlnYS5ycy9kYW5pbG8tdGVobGlyaWFuIjt9czo2OiJfZmxhc2giO2E6Mjp7czozOiJvbGQiO2E6MDp7fXM6MzoibmV3IjthOjA6e319fQ==',1748769721);
/*!40000 ALTER TABLE `sessions` ENABLE KEYS */;
UNLOCK TABLES;

--
-- Table structure for table `tennis_matches`
--

DROP TABLE IF EXISTS `tennis_matches`;
/*!40101 SET @saved_cs_client     = @@character_set_client */;
/*!50503 SET character_set_client = utf8mb4 */;
CREATE TABLE `tennis_matches` (
  `id` bigint unsigned NOT NULL AUTO_INCREMENT,
  `court_id` bigint unsigned DEFAULT NULL,
  `league_id` bigint unsigned DEFAULT NULL,
  `set_score` varchar(255) COLLATE utf8mb4_unicode_ci NOT NULL,
  `game_score` varchar(255) COLLATE utf8mb4_unicode_ci DEFAULT NULL,
  `date` date NOT NULL,
  `number` int DEFAULT NULL,
  `county` varchar(255) COLLATE utf8mb4_unicode_ci DEFAULT NULL,
  `winner_point_gain` int NOT NULL,
  `loser_point_gain` int NOT NULL,
  `created_at` timestamp NULL DEFAULT NULL,
  `updated_at` timestamp NULL DEFAULT NULL,
  PRIMARY KEY (`id`),
  KEY `tennis_matches_court_id_foreign` (`court_id`),
  KEY `tennis_matches_league_id_foreign` (`league_id`),
  CONSTRAINT `tennis_matches_court_id_foreign` FOREIGN KEY (`court_id`) REFERENCES `courts` (`id`) ON DELETE SET NULL,
  CONSTRAINT `tennis_matches_league_id_foreign` FOREIGN KEY (`league_id`) REFERENCES `leagues` (`id`) ON DELETE SET NULL
) ENGINE=InnoDB AUTO_INCREMENT=134 DEFAULT CHARSET=utf8mb4 COLLATE=utf8mb4_unicode_ci;
/*!40101 SET character_set_client = @saved_cs_client */;

--
-- Dumping data for table `tennis_matches`
--

LOCK TABLES `tennis_matches` WRITE;
/*!40000 ALTER TABLE `tennis_matches` DISABLE KEYS */;
INSERT INTO `tennis_matches` VALUES (1,2,1,'9:4',NULL,'2024-12-13',1,'Beograd',136,38,'2025-05-31 17:03:15','2025-05-31 17:03:33'),(2,2,1,'2:0','6:3,4:2','2024-12-16',2,'Beograd',145,43,'2025-05-31 17:03:15','2025-05-31 17:03:34'),(3,2,1,'2:0','6:0,6:2','2024-12-20',3,'Beograd',161,28,'2025-05-31 17:03:15','2025-05-31 17:03:34'),(4,2,1,'9:2','','2024-12-25',4,'Beograd',140,29,'2025-05-31 17:03:15','2025-05-31 17:03:34'),(5,2,1,'6:5','','2024-12-28',5,'Beograd',119,45,'2025-05-31 17:03:15','2025-05-31 17:03:34'),(6,2,1,'2:0','6:2,6:1','2025-01-03',6,'Beograd',166,35,'2025-05-31 17:03:15','2025-05-31 17:03:34'),(7,2,1,'6:1','','2025-01-08',7,'Beograd',103,21,'2025-05-31 17:03:15','2025-05-31 17:03:35'),(8,2,1,'9:0','','2025-01-13',8,'Beograd',146,19,'2025-05-31 17:03:15','2025-05-31 17:03:35'),(9,2,1,'6:4','','2025-01-14',9,'Beograd',104,37,'2025-05-31 17:03:15','2025-05-31 17:03:35'),(10,2,1,'5:4','','2025-01-17',10,'Beograd',117,41,'2025-05-31 17:03:15','2025-05-31 17:03:35'),(11,2,1,'5:0','','2025-01-17',11,'Beograd',117,19,'2025-05-31 17:03:15','2025-05-31 17:03:35'),(12,2,1,'2:0','4:1,4:1','2025-01-20',12,'Beograd',121,27,'2025-05-31 17:03:15','2025-05-31 17:03:35'),(13,2,1,'9:1','','2025-01-24',13,'Beograd',150,25,'2025-05-31 17:03:15','2025-05-31 17:03:36'),(14,2,1,'2:0','6:0,4:0','2025-01-28',14,'Beograd',139,16,'2025-05-31 17:03:15','2025-05-31 17:03:36'),(15,2,1,'7:6','','2025-02-03',15,'Beograd',137,54,'2025-05-31 17:03:15','2025-05-31 17:03:36'),(16,2,1,'9:5','','2025-02-05',16,'Beograd',154,49,'2025-05-31 17:03:15','2025-05-31 17:03:36'),(17,5,1,'2:0','6:1,3:1','2025-02-05',17,'Beograd',154,32,'2025-05-31 17:03:15','2025-05-31 17:03:36'),(18,2,1,'9:6','','2025-02-07',18,'Beograd',154,54,'2025-05-31 17:03:15','2025-05-31 17:03:36'),(19,3,1,'2:1','7:6,4:6,6:4','2025-02-08',19,'Vrnjačka Banja',220,111,'2025-05-31 17:03:15','2025-05-31 17:03:36'),(20,2,1,'9:4','','2025-02-09',20,'Beograd',155,43,'2025-05-31 17:03:15','2025-05-31 17:03:37'),(21,5,1,'2:0','6:0,6:1','2025-02-11',21,'Beograd',180,26,'2025-05-31 17:03:15','2025-05-31 17:03:37'),(22,5,1,'9:4','','2025-02-11',22,'Beograd',155,43,'2025-05-31 17:03:15','2025-05-31 17:03:37'),(23,5,1,'9:7','','2025-02-12',23,'Beograd',135,57,'2025-05-31 17:03:15','2025-05-31 17:03:37'),(24,2,1,'2:0','4:1,4:1','2025-02-17',24,'Beograd',128,28,'2025-05-31 17:03:15','2025-05-31 17:03:37'),(25,2,1,'6:1','','2025-02-18',25,'Beograd',112,22,'2025-05-31 17:03:15','2025-05-31 17:03:37'),(26,5,1,'8:3','','2025-02-19',26,'Beograd',150,38,'2025-05-31 17:03:15','2025-05-31 17:03:38'),(27,5,1,'3:0','4:1,4:0,4:2','2025-02-20',27,'Beograd',183,38,'2025-05-31 17:03:15','2025-05-31 17:03:38'),(28,5,1,'9:3',NULL,'2025-02-21',28,'Beograd',138,34,'2025-05-31 17:03:15','2025-05-31 17:03:38'),(29,4,1,'2:1','1:4,4:0,4:1','2025-02-21',29,'Beograd',159,50,'2025-05-31 17:03:15','2025-05-31 17:03:38'),(30,5,1,'9:6','','2025-02-25',30,'Beograd',139,52,'2025-05-31 17:03:15','2025-05-31 17:03:38'),(31,2,1,'2:0','4:1,4:0','2025-02-21',31,'Beograd',150,27,'2025-05-31 17:03:15','2025-05-31 17:03:38'),(32,2,1,'4:3','','2025-02-22',32,'Beograd',117,38,'2025-05-31 17:03:15','2025-05-31 17:03:38'),(33,5,1,'9:1','','2025-02-26',33,'Beograd',139,23,'2025-05-31 17:03:15','2025-05-31 17:03:39'),(34,4,1,'7:5','','2025-02-15',34,'Beograd',140,50,'2025-05-31 17:03:15','2025-05-31 17:03:39'),(35,5,1,'3:0','4:0,4:0,4:0','2025-02-27',35,'Beograd',186,21,'2025-05-31 17:03:15','2025-05-31 17:03:39'),(36,2,1,'2:1','3:4,4:1,1:0','2025-03-01',36,'Beograd',131,47,'2025-05-31 17:03:15','2025-05-31 17:03:39'),(37,2,1,'7:4',NULL,'2025-03-02',37,'Beograd',145,45,'2025-05-31 17:03:15','2025-05-31 17:03:39'),(38,4,1,'6:1',NULL,'2025-03-02',38,'Beograd',136,27,'2025-05-31 17:03:15','2025-05-31 17:03:39'),(39,2,1,'6:4',NULL,'2025-03-02',39,'Beograd',136,45,'2025-05-31 17:03:15','2025-05-31 17:03:39'),(40,2,1,'2:1','4:1,2:4,1:0','2025-03-03',40,'Beograd',123,47,'2025-05-31 17:03:15','2025-05-31 17:03:39'),(41,5,1,'6:3',NULL,'2025-03-04',41,'Beograd',94,31,'2025-05-31 17:03:15','2025-05-31 17:03:40'),(42,5,1,'9:4',NULL,'2025-03-05',42,'Beograd',120,37,'2025-05-31 17:03:15','2025-05-31 17:03:40'),(43,2,1,'4:2',NULL,'2025-03-05',43,'Beograd',120,33,'2025-05-31 17:03:15','2025-05-31 17:03:40'),(44,5,1,'3:0','4:0,4:1,4:2','2025-03-06',44,'Beograd',146,31,'2025-05-31 17:03:15','2025-05-31 17:03:40'),(45,5,1,'2:0','6:1,6:2','2025-03-07',45,'Beograd',189,39,'2025-05-31 17:03:15','2025-05-31 17:03:40'),(46,7,1,'6:2',NULL,'2025-03-07',46,'Beograd',137,33,'2025-05-31 17:03:15','2025-05-31 17:03:41'),(47,5,1,'2:1','0:4,4:2,1:0','2025-03-09',47,'Beograd',129,58,'2025-05-31 17:03:15','2025-05-31 17:03:41'),(48,5,1,'8:1',NULL,'2025-03-09',48,'Beograd',155,28,'2025-05-31 17:03:15','2025-05-31 17:03:41'),(49,5,1,'9:3',NULL,'2025-03-11',49,'Beograd',164,40,'2025-05-31 17:03:15','2025-05-31 17:03:41'),(50,5,1,'6:4',NULL,'2025-03-14',50,'Beograd',96,37,'2025-05-31 17:03:15','2025-05-31 17:03:41'),(51,5,1,'3:1','4:1,4:2,2:4,4:0','2025-03-15',51,'Beograd',209,65,'2025-05-31 17:03:15','2025-05-31 17:03:41'),(52,5,1,'2:1','4:0,2:4,1:0','2025-03-16',52,'Beograd',148,46,'2025-05-31 17:03:15','2025-05-31 17:03:41'),(53,2,1,'2:0','6:3,2:0','2025-03-16',53,'Beograd',157,40,'2025-05-31 17:03:15','2025-05-31 17:03:41'),(54,2,1,'7:3',NULL,'2025-03-16',54,'Beograd',148,40,'2025-05-31 17:03:15','2025-05-31 17:03:42'),(55,5,1,'7:5',NULL,'2025-03-17',55,'Beograd',127,48,'2025-05-31 17:03:15','2025-05-31 17:03:42'),(56,5,1,'9:6',NULL,'2025-03-19',56,'Beograd',145,54,'2025-05-31 17:03:15','2025-05-31 17:03:42'),(57,5,1,'3:0','4:0,4:1,4:0','2025-03-20',57,'Beograd',194,28,'2025-05-31 17:03:15','2025-05-31 17:03:42'),(58,7,1,'3:0','4:3,4:1,4:2','2025-03-21',58,'Beograd',194,59,'2025-05-31 17:03:15','2025-05-31 17:03:42'),(59,5,1,'5:3',NULL,'2025-03-21',59,'Beograd',132,41,'2025-05-31 17:03:15','2025-05-31 17:03:42'),(60,2,1,'3:0','4:1,4:1,4:1','2025-03-21',60,'Beograd',194,41,'2025-05-31 17:03:15','2025-05-31 17:03:42'),(61,11,1,'3:0','4:0,4:0,4:0','2025-03-22',61,'Beograd',194,22,'2025-05-31 17:03:15','2025-05-31 17:03:43'),(62,12,1,'2:0','4:0,4:1','2025-03-23',62,'Beograd',137,24,'2025-05-31 17:03:15','2025-05-31 17:03:43'),(63,13,1,'2:0','5:3,4:1','2025-03-23',63,'Beograd',168,47,'2025-05-31 17:03:15','2025-05-31 17:03:43'),(64,5,1,'2:0','6:0,6:4','2025-03-24',64,'Beograd',151,38,'2025-05-31 17:03:15','2025-05-31 17:03:43'),(65,7,1,'2:1','4:1,3:4,1:0','2025-03-26',65,'Beograd',160,53,'2025-05-31 17:03:15','2025-05-31 17:03:43'),(66,14,1,'2:1','3:4,4:2,1:0','2025-03-27',66,'Beograd',161,60,'2025-05-31 17:03:15','2025-05-31 17:03:43'),(67,5,1,'6:4',NULL,'2025-03-27',67,'Beograd',98,38,'2025-05-31 17:03:15','2025-05-31 17:03:44'),(68,7,1,'3:0','4:1,4:0,4:0','2025-03-28',68,'Beograd',152,20,'2025-05-31 17:03:15','2025-05-31 17:03:44'),(69,12,1,'2:1','4:0,2:4,3:2','2025-03-30',69,'Beograd',148,56,'2025-05-31 17:03:15','2025-05-31 17:03:44'),(70,12,1,'2:0','4:0,4:0','2025-03-31',70,'Beograd',162,22,'2025-05-31 17:03:15','2025-05-31 17:03:44'),(71,5,1,'9:4',NULL,'2025-03-31',71,'Beograd',171,48,'2025-05-31 17:03:15','2025-05-31 17:03:44'),(72,5,1,'9:0',NULL,'2025-04-01',72,'Beograd',171,23,'2025-05-31 17:03:15','2025-05-31 17:03:44'),(73,3,1,'2:1','7:6,6:7,7:6','2025-04-02',73,'Vrnjačka Banja',271,142,'2025-05-31 17:03:15','2025-05-31 17:03:44'),(74,7,1,'7:5',NULL,'2025-04-04',74,'Beograd',154,54,'2025-05-31 17:03:15','2025-05-31 17:03:45'),(75,15,1,'3:0','6:1,6:2,6:1','2025-04-05',75,'Beograd',254,48,'2025-05-31 17:03:15','2025-05-31 17:03:45'),(76,5,1,'8:3',NULL,'2025-04-06',76,'Beograd',141,37,'2025-05-31 17:03:15','2025-05-31 17:03:45'),(77,12,1,'2:0','4:3,4:1','2025-04-06',77,'Beograd',164,48,'2025-05-31 17:03:15','2025-05-31 17:03:45'),(78,5,1,'9:4',NULL,'2025-04-06',78,'Beograd',173,48,'2025-05-31 17:03:15','2025-05-31 17:03:45'),(79,5,1,'9:4',NULL,'2025-04-07',79,'Beograd',127,39,'2025-05-31 17:03:15','2025-05-31 17:03:45'),(80,7,1,'3:0','4:0,4:0,4:0','2025-04-07',80,'Beograd',155,14,'2025-05-31 17:03:15','2025-05-31 17:03:45'),(81,7,1,'2:0','4:2,4:1','2025-04-08',81,'Beograd',141,37,'2025-05-31 17:03:15','2025-05-31 17:03:46'),(82,5,1,'1:0','9:3','2025-04-09',82,'Beograd',174,42,'2025-05-31 17:03:15','2025-05-31 17:03:46'),(83,16,1,'2:0','4:1,3:2','2025-04-11',83,'Italija',156,42,'2025-05-31 17:03:15','2025-05-31 17:03:46'),(84,15,1,'2:1','3:4,4:1,4:1','2025-04-13',84,'Beograd',193,62,'2025-05-31 17:03:15','2025-05-31 17:03:46'),(85,17,1,'2:0','4:0,4:2','2025-04-13',85,'Italija',143,31,'2025-05-31 17:03:15','2025-05-31 17:03:46'),(86,7,2,'9:6',NULL,'2025-04-17',86,'Beograd',176,62,'2025-05-31 17:03:15','2025-05-31 17:03:46'),(87,5,1,'8:3',NULL,'2025-04-17',87,'Beograd',120,33,'2025-05-31 17:03:15','2025-05-31 17:03:46'),(88,5,1,'2:0','6:4,7:5','2025-04-20',88,'Beograd',191,77,'2025-05-31 17:03:15','2025-05-31 17:03:47'),(89,5,1,'2:0','6:2,6:2','2025-04-21',89,'Beograd',159,40,'2025-05-31 17:03:15','2025-05-31 17:03:47'),(90,7,2,'9:8',NULL,'2025-04-21',90,'Beograd',177,76,'2025-05-31 17:03:15','2025-05-31 17:03:47'),(91,11,1,'2:0','4:1,4:1','2025-04-23',91,'Beograd',169,37,'2025-05-31 17:03:15','2025-05-31 17:03:47'),(92,5,1,'6:4',NULL,'2025-04-25',92,'Beograd',127,45,'2025-05-31 17:03:15','2025-05-31 17:03:47'),(93,12,1,'9:5',NULL,'2025-04-25',93,'Beograd',179,56,'2025-05-31 17:03:15','2025-05-31 17:03:47'),(94,14,1,'9:0',NULL,'2025-04-26',94,'Beograd',179,24,'2025-05-31 17:03:15','2025-05-31 17:03:47'),(95,14,1,'3:0','4:2,4:1,3:2','2025-04-27',95,'Beograd',198,57,'2025-05-31 17:03:15','2025-05-31 17:03:48'),(96,5,1,'3:0','6:0,6:2,7:5','2025-04-28',96,'Beograd',227,60,'2025-05-31 17:03:15','2025-05-31 17:03:48'),(97,7,2,'9:7',NULL,'2025-04-28',97,'Beograd',180,70,'2025-05-31 17:03:15','2025-05-31 17:03:48'),(98,7,2,'9:5',NULL,'2025-04-29',98,'Beograd',180,57,'2025-05-31 17:03:15','2025-05-31 17:03:48'),(99,5,1,'6:4',NULL,'2025-04-30',99,'Beograd',152,50,'2025-05-31 17:03:15','2025-05-31 17:03:48'),(100,5,1,'2:0','6:0,4:2','2025-04-10',100,'Beograd',183,36,'2025-05-31 17:03:15','2025-05-31 17:03:48'),(101,7,2,'9:3',NULL,'2025-04-30',101,'Beograd',180,44,'2025-05-31 17:03:15','2025-05-31 17:03:48'),(102,5,1,'2:0','6:3,6:4','2025-05-02',102,'Beograd',220,74,'2025-05-31 17:03:15','2025-05-31 17:03:48'),(103,18,1,'2:1','4:1,2:4,1:0','2025-05-03',103,'Grčka',170,60,'2025-05-31 17:03:15','2025-05-31 17:03:49'),(104,12,1,'9:6',NULL,'2025-05-06',104,'Beograd',190,67,'2025-05-31 17:03:15','2025-05-31 17:03:49'),(105,5,1,'7:5',NULL,'2025-05-07',105,'Beograd',120,50,'2025-05-31 17:03:16','2025-05-31 17:03:49'),(106,12,2,'9:2',NULL,'2025-05-08',106,'Beograd',190,39,'2025-05-31 17:03:16','2025-05-31 17:03:49'),(107,5,1,'2:1','4:2,1:4,4:0','2025-05-09',107,'Beograd',190,67,'2025-05-31 17:03:16','2025-05-31 17:03:49'),(108,5,1,'2:1','6:2,6:2,6:7','2025-05-07',108,'Beograd',255,97,'2025-05-31 17:03:16','2025-05-31 17:03:49'),(109,3,1,'2:0','6:1,6:2','2025-05-09',109,'Vrnjačka Banja',220,46,'2025-05-31 17:03:16','2025-05-31 17:03:49'),(110,5,1,'3:0','6:2,6:3,9:4','2025-05-09',110,'Beograd',310,88,'2025-05-31 17:03:16','2025-05-31 17:03:50'),(111,7,2,'9:6',NULL,'2025-05-10',111,'Beograd',190,67,'2025-05-31 17:03:16','2025-05-31 17:03:50'),(112,5,1,'8:3',NULL,'2025-05-11',112,'Beograd',180,46,'2025-05-31 17:03:16','2025-05-31 17:03:50'),(113,5,1,'8:3',NULL,'2025-05-09',113,'Beograd',130,36,'2025-05-31 17:03:16','2025-05-31 17:03:50'),(114,7,2,'9:6',NULL,'2025-05-11',114,'Beograd',190,67,'2025-05-31 17:03:16','2025-05-31 17:03:50'),(115,7,2,'9:5',NULL,'2025-05-11',115,'Beograd',190,60,'2025-05-31 17:03:16','2025-05-31 17:03:50'),(116,5,1,'2:0','4:2,4:1','2025-05-12',116,'Beograd',155,41,'2025-05-31 17:03:16','2025-05-31 17:03:50'),(117,5,1,'2:0','6:4,6:3','2025-05-14',117,'Beograd',170,64,'2025-05-31 17:03:16','2025-05-31 17:03:50'),(118,7,1,'4:1',NULL,'2025-05-15',118,'Beograd',140,32,'2025-05-31 17:03:16','2025-05-31 17:03:50'),(119,11,10,'9:1',NULL,'2025-05-16',119,'Beograd',190,32,'2025-05-31 17:03:16','2025-05-31 17:03:51'),(120,7,1,'2:0','4:2,4:0','2025-05-17',120,'Beograd',180,39,'2025-05-31 17:03:16','2025-05-31 17:03:51'),(121,4,1,'3:0','4:0,4:0,4:1','2025-05-18',121,'Beograd',220,32,'2025-05-31 17:03:16','2025-05-31 17:03:51'),(122,5,1,'9:5',NULL,'2025-05-23',122,'Beograd',165,55,'2025-05-31 17:03:16','2025-05-31 17:03:51'),(123,7,2,'9:6',NULL,'2025-05-24',123,'Beograd',190,67,'2025-05-31 17:03:16','2025-05-31 17:03:51'),(124,12,1,'2:1','1:4,4:3,1:0','2025-05-25',124,'Beograd',160,74,'2025-05-31 17:03:16','2025-05-31 17:03:51'),(125,5,1,'6:4',NULL,'2025-05-26',125,'Beograd',160,53,'2025-05-31 17:03:16','2025-05-31 17:03:52'),(126,5,1,'9:4',NULL,'2025-05-27',126,'Beograd',190,53,'2025-05-31 17:03:16','2025-05-31 17:03:52'),(127,5,1,'3:0','6:0,6:1,6:0','2025-05-27',127,'Beograd',230,22,'2025-05-31 17:03:16','2025-05-31 17:03:52'),(128,7,2,'9:3',NULL,'2025-05-27',128,'Beograd',190,46,'2025-05-31 17:03:16','2025-05-31 17:03:52'),(129,7,1,'2:0','4:0,4:2','2025-05-28',129,'Beograd',180,39,'2025-05-31 17:03:16','2025-05-31 17:03:52'),(130,7,1,'8:1',NULL,'2025-05-28',130,'Beograd',180,32,'2025-05-31 17:03:16','2025-05-31 17:03:52'),(131,19,1,'2:0','6:4,6:4','2025-05-28',131,'Beograd',220,81,'2025-05-31 17:03:16','2025-05-31 17:03:52'),(132,21,13,'2:0','7:6,6:0','2025-05-28',132,'Kragujevac',230,67,'2025-05-31 17:03:16','2025-05-31 17:03:52'),(133,20,12,'9:0',NULL,'2025-05-31',133,'Beograd',190,25,'2025-05-31 17:03:16','2025-05-31 17:03:52');
/*!40000 ALTER TABLE `tennis_matches` ENABLE KEYS */;
UNLOCK TABLES;

--
-- Table structure for table `users`
--

DROP TABLE IF EXISTS `users`;
/*!40101 SET @saved_cs_client     = @@character_set_client */;
/*!50503 SET character_set_client = utf8mb4 */;
CREATE TABLE `users` (
  `id` bigint unsigned NOT NULL AUTO_INCREMENT,
  `name` varchar(255) COLLATE utf8mb4_unicode_ci NOT NULL,
  `username` varchar(255) COLLATE utf8mb4_unicode_ci NOT NULL,
  `email` varchar(255) COLLATE utf8mb4_unicode_ci NOT NULL,
  `email_verified_at` timestamp NULL DEFAULT NULL,
  `password` varchar(255) COLLATE utf8mb4_unicode_ci NOT NULL,
  `remember_token` varchar(100) COLLATE utf8mb4_unicode_ci DEFAULT NULL,
  `created_at` timestamp NULL DEFAULT NULL,
  `updated_at` timestamp NULL DEFAULT NULL,
  PRIMARY KEY (`id`),
  UNIQUE KEY `users_username_unique` (`username`),
  UNIQUE KEY `users_email_unique` (`email`)
) ENGINE=InnoDB DEFAULT CHARSET=utf8mb4 COLLATE=utf8mb4_unicode_ci;
/*!40101 SET character_set_client = @saved_cs_client */;

--
-- Dumping data for table `users`
--

LOCK TABLES `users` WRITE;
/*!40000 ALTER TABLE `users` DISABLE KEYS */;
/*!40000 ALTER TABLE `users` ENABLE KEYS */;
UNLOCK TABLES;
/*!40103 SET TIME_ZONE=@OLD_TIME_ZONE */;

/*!40101 SET SQL_MODE=@OLD_SQL_MODE */;
/*!40014 SET FOREIGN_KEY_CHECKS=@OLD_FOREIGN_KEY_CHECKS */;
/*!40014 SET UNIQUE_CHECKS=@OLD_UNIQUE_CHECKS */;
/*!40101 SET CHARACTER_SET_CLIENT=@OLD_CHARACTER_SET_CLIENT */;
/*!40101 SET CHARACTER_SET_RESULTS=@OLD_CHARACTER_SET_RESULTS */;
/*!40101 SET COLLATION_CONNECTION=@OLD_COLLATION_CONNECTION */;
/*!40111 SET SQL_NOTES=@OLD_SQL_NOTES */;

-- Dump completed on 2025-06-01 14:08:30
